RowID,BoxNumber,StorageLocation,EventTags,Description,SpecificItemNotesForCrew,QtyReqd,StockOnHand
1,AV 1,OFFICE,|RCP||RLD|,Music Desk Skirt,NONE,1,1
2,OFFICE,OFFICE,|RCP||RLD|,Music Desk Tablecloth,NONE,1,1
3,OFFICE,OFFICE,|RCP||RLD|,Music Desk Skirt Clips,NONE,12,12
4,LOOSE,UNKNOWN,|INACTIVE|,Exit Sign Cover,NONE,1,1
5,AV 2,CONTAINER,|INACTIVE|,Dimmer Lights (in cardboard boxes),NONE,4,4
6,AV 2,CONTAINER,|INACTIVE|,Dimmer Control Box,NONE,1,1
7,AV 2,CONTAINER,|INACTIVE|,Spare Dimmer Globes - Bayonette 42W Dimmable,NONE,6,6
8,AV 3,MARQUEE,|NEEDED|,CABLES:,NONE,1,1
9,AV 3,MARQUEE,|NEEDED|,Speaker Cable,NONE,2,2
10,AV 3,MARQUEE,|NEEDED|,HARD BLACK PLASTIC Audiohub Box:,NONE,1,1
11,AV 3,MARQUEE,|NEEDED|,Audiohub Digital Audio Sound Card,NONE,1,1
12,AV 3,MARQUEE,|NEEDED|,Audiohub Power Supply Output 12Volt 2A,NONE,1,1
13,AV 3,MARQUEE,|NEEDED|,USB-A to USB-B Cable,NONE,1,1
14,AV 3,MARQUEE,|NEEDED|,POWER BOARD: (8-Socket/Black),NONE,1,1
15,AV 3,MARQUEE,|NEEDED|,2 Mtr Piggy-back (Black) Extension Cable,NONE,1,1
16,AV 3,MARQUEE,|NEEDED|,5 Mtr Piggy-back (Black) Extension Cable,NONE,1,1
17,AV 3,MARQUEE,|NEEDED|,IEC-13 Speaker Power Cables (D-Shaped Plug),NONE,2,2
18,AV 3,MARQUEE,|NEEDED|,2 Mtr Male XLR to TS 6.5mm Jack,AUDIOHUB TO MIXER CABLES:,2,2
19,AV 3,MARQUEE,|NEEDED|,Organiser Container (Grey/Yellow w. Semi-clear Lid):,NONE,1,1
20,AV 3,MARQUEE,|NEEDED|,Miscellaneous Adapters,NONE,1,1
21,AV 3,MARQUEE,|NEEDED|,3.5mm Jack to 2x 6.5mm TS Jack (with Lightning to 3.5mm socket adapter),Auxiliary Input Cable (Option 1):,1,1
22,AV 3,MARQUEE,|NEEDED|,3.5mm Jack to RCA (Red/White),Auxiliary Input Cable (Option 2):,1,1
23,AV 3,MARQUEE,|NEEDED|,Box AA Batteries (each box = 24 batt),Clear Plastic Clip-lock Box:,2,2
24,AV 3,MARQUEE,|NEEDED|,AAA Batteries,Clear Plastic Clip-lock Box:,12,12
25,LOOSE,MARQUEE,|NEEDED|,RODE NT5 Microphone (cardboard box),ROOM MICROPHONE:,1,1
26,AV 3,MARQUEE,|NEEDED|,Gaffa Tape Black,NONE,2,2
27,AV 4,MARQUEE,|NEEDED|,Cabled Keyboard,NONE,1,1
28,AV 4,MARQUEE,|NEEDED|,Cabled Mouse,NONE,1,1
29,AV 4,MARQUEE,|NEEDED|,Headphones Sennheiser HD280 Pro,NONE,1,1
30,AV 4,MARQUEE,|NEEDED|,Headphones Sennheiser HD300,NONE,2,1
31,AV 4,MARQUEE,|NEEDED|,3.5mm Socket to TRS 6.5mm Jack Adaptors,1 attached to Headphones / 1 left in Audiohub,2,2
32,AV 15,MARQUEE,|NEEDED|,Real Office Social Media Box:,NONE,1,1
33,AV 15,MARQUEE,|NEEDED|,REAL Video iPhone Previous Recordings COPIED then Cleared,NONE,1,1
34,AV 15,MARQUEE,|NEEDED|,iPhone Lightening to USB 'A' Cable,For iPhone 12 - Charge / Data Transfer Cable,1,1
35,AV 15,MARQUEE,|NEEDED|,iPhone Charger 240Volt Wall Plug to USB 'A',NONE,1,1
36,AV 15,MARQUEE,|NEEDED|,Lightening Double Adapter (Apple / iPhone) ,with 3.5mm Audio Socket Cable Plugged in,1,1
37,AV 15,MARQUEE,|NEEDED|,3.5mm audio socket cable,NONE,1,1
38,AV 15,MARQUEE,|NEEDED|,RODE Go Microphone Transmitter/Receiver Kits,NONE,2,2
39,AV 15,MARQUEE,|NEEDED|,RODE Lapel MIC Kit - Lapel Mic with Cable and Fur Wind Cover IN Black Satchel),NONE,1,1
40,AV 15,MARQUEE,|NEEDED|,RODE USB 'A' USB 'C' Charging Cables (Black),NONE,4,4
41,AV 15,MARQUEE,|NEEDED|,Gorillapod Kit,NONE,1,1
42,AV 15,MARQUEE,|NEEDED|,USB-Powered Music Desk Light,NONE,1,1
43,AV 15,MARQUEE,|NEEDED|,iPad,NONE,1,1
44,AV 15,MARQUEE,|NEEDED|,Camera Tripod,NONE,1,1
45,AV 4,MARQUEE,|NEEDED|,HARD BLACK PLASTIC Soundblaster Box:,NONE,1,1
46,AV 4,MARQUEE,|NEEDED|,Soundblaster External Sound Cards,NONE,2,2
47,AV 4,MARQUEE,|NEEDED|,USB 'A' to USB 'Micro' (1 x coiled + 1 x straight),NONE,2,2
48,AV 4,MARQUEE,|NEEDED|,6.5mm Jack to Jack 2 Mtr Cable (With 6.5mm to 3.5mm Adaptor),NONE,1,1
49,AV 4,MARQUEE,|NEEDED|,10 Mtr RCA to RCA, With 2 x TS 6.5mm Jack Adapters,1,1
50,AV 4,MARQUEE,|NEEDED|,Bluetooth Slideshow Presenter Incl Dongle stored in end,AAA BATTERIES SEPARATE & REMOVED between events,1,1
51,AV 4,MARQUEE,|NEEDED|,AAA Batteries,NONE,2,2
52,AV 4,MARQUEE,|NEEDED|,5 Mtr Extension Cable (for TV),NONE,1,1
53,AV 4,MARQUEE,|NEEDED|,1.5 Mtr HDMI Cable,NONE,1,1
54,AV 4,MARQUEE,|NEEDED|,15 Mtr HDMI Cable,NONE,1,1
55,AV 4,MARQUEE,|NEEDED|,TV Remote,NONE,1,1
56,AV 4,MARQUEE,|NEEDED|,TV Power Cable in with Screw Driver in Zip Lock Bag for TV,NONE,1,1
57,AV 4,MARQUEE,|NEEDED|,Phillips Head Screw Driver + 4 Screws in Zip Lock Bag for TV,NONE,8,8
58,AV 4,MARQUEE,|NEEDED|,Small plastic Component of TV Stand,NONE,1,1
59,AV 4,MARQUEE,|NEEDED|,Samsung TV Stand 'Y' Shaped Legs,NONE,1,1
60,AV 4,MARQUEE,|NEEDED|,Wireless HDMI Transmitter Reciever Sets With 2 Power supplies in each,NONE,2,2
61,AV 16,Trailer,|NEEDED|,TV STAND,NONE,1,1
62,AV 16,Trailer,|NEEDED|,TV Stand Cover (Black Sheet),NONE,1,1
63,AV 16,Trailer,|NEEDED|,Black Plastic Fold Up Boxes,NONE,3,3
64,AV 16,Trailer,|NEEDED|,Timber Slab,NONE,1,1
65,AV 5,Trailer,|NEEDED|,"Samsung UHD 50"" with Lge TV Stand",NONE,1,1
66,AV 6,Container,|NEEDED|,JBL Amplified Speaker with black protective cover,NONE,1,1
67,AV 7,Container,|NEEDED|,JBL Amplified Speaker with black protective cover,NONE,1,1
68,AV 8,Container,|NEEDED|,Microphone Box,NONE,1,1
69,AV 8,Container,|NEEDED|,Microphone Receivers,NONE,4,4
70,AV 8,Container,|NEEDED|,Handheld MICs,NONE,2,2
71,AV 8,Container,|NEEDED|,Headset Transmitter Packs - AA BATTERIES REMOVED,NONE,2,2
72,AV 8,Container,|NEEDED|,Clear boxes with headset mic replacement components,NONE,2,2
73,AV 8,Container,|NEEDED|,Standard - Headset Microphone Original Thin Wire Style.,NONE,1,1
74,AV 8,Container,|NEEDED|,Cardioid - Headset Microphone Black Plastic Frame Style,NONE,1,1
75,AV 8,Container,|NEEDED|,Cardioid - Lapel Microphone,NONE,1,1
76,AV 9,Container,|NEEDED|,Zoom Live Track L20 Mixer (packed with Power & USB-A to USB-B cables),NONE,1,1
77,LEADERSHIP BOX,Leadership Box,|NEEDED|,Music Run Sheet,NONE,1,1
78,LEADERSHIP BOX,Leadership Box,|NEEDED|,Dot Song Selection Lists,NONE,2,2
79,LEADERSHIP BOX,Leadership Box,|NEEDED|,BLANK Participant Dot Recording Log,NONE,1,1
80,AV 3,MARQUEE,|NEEDED|,240 Volt to IEC 13 Power Cable 2 Mtr ,JBL Speaker Power Lead,1,1
81,AV 3,MARQUEE,|NEEDED|,240 Volt to IEC 13 Power Cable 1 Mtr,JBL Speaker Power Lead,1,1
82,AV 3,MARQUEE,|NEEDED|,240Volt Extension Lead 2 Mtr (Black),NONE,1,1
83,AV 3,MARQUEE,|NEEDED|,6 Socket Power Board (Black),NONE,1,1
84,AV 3,MARQUEE,|NEEDED|,4 Socket Switched Power Board (Black),NONE,1,1
85,AV 3,MARQUEE,|NEEDED|,10 Mtr Piggyback Extension Cord (Black),NONE,1,1
86,AV10,MARQUEE,|NEEDED|,25 Mtr Male to Female XLR Mic/Speaker Cable,NONE,1,1
87,AV10,MARQUEE,|NEEDED|,3 Mtr RCA to RCA Cable,NONE,1,1
88,AV10,MARQUEE,|NEEDED|,5 Mtr RCA to RCA Cable,NONE,1,1
89,AV10,MARQUEE,|NEEDED|,2 Mtr 3.5 mm Jack to RCA,NONE,2,2
90,AV10,MARQUEE,|NEEDED|,1 Mtr 3.5 mm Jack to 2 x Male RCA Cable,NONE,1,1
91,AV10,MARQUEE,|NEEDED|,2.5 Mtr 3.5 mm Jack 2x 6.5mm TS Jack Cables,NONE,1,1
92,AV 3,MARQUEE,|NEEDED|,1 Mtr Male RCA to 6.5mm Jack Male TS Cable,NONE,1,1
93,AV 3,MARQUEE,|NEEDED|,3 Mtr HDMI Cable,NONE,2,2
94,AV 3,MARQUEE,|NEEDED|,1.5 Mtr HDMI Cable,NONE,1,1
95,AV 3,MARQUEE,|NEEDED|,2 Mtr Female XLR to 6.5mm Jack Male TS Cable,NONE,2,2
96,AV 3,MARQUEE,|NEEDED|,2 Mtr Male XLR to 6.5mm Male Jack Cable,NONE,1,1
97,AV 3,MARQUEE,|NEEDED|,2 Mtr 6.5 mm to 6.5mm Jack Jack Cable,NONE,6,6
98,AV10,MARQUEE,|NEEDED|,50cm 6.5mm Jack to Jack TS Patch Cable,NONE,2,2
99,AV10,MARQUEE,|NEEDED|,1.5 Mtr Male to Female XLR Cable,NONE,3,3
100,AV10,MARQUEE,|NEEDED|,5 Mtr Female XLR to 6.5mm Male Jack Cable,NONE,1,1
101,AV10,MARQUEE,|NEEDED|,1 Mtr Male to Female USB-A Extension Cable,NONE,1,1
102,AV10,MARQUEE,|NEEDED|,1.5 Mtr Male to Female USB-A Extension Cable,NONE,1,1
103,AV10,MARQUEE,|NEEDED|,3 Mtr Male to Female USB-A Extension Cable,NONE,1,1
104,AV10,MARQUEE,|NEEDED|,2mtr USB-A to USB-B Extension Cable,NONE,1,1
105,AV10,MARQUEE,|NEEDED|,Microsoft Cabled Mouse,NONE,1,1
106,AV 15,MARQUEE,|NEEDED|,240Volt Multiport White Power Ball Incl USB Charge Ports,NONE,1,1
107,AV 15,MARQUEE,|NEEDED|,Selfie Sick,NONE,1,1
108,AV 3,MARQUEE,|NEEDED|,Double Adaptor (White),NONE,2,2
109,AV 10,MARQUEE,|NEEDED|,1 Mtr A/V Male to Male RCA Yellow Red White Cable,NONE,1,1
110,AV 15,MARQUEE,|NEEDED|,Pivo Kit in Black Case with remote and charge Cable,NONE,1,1
111,AV 15,MARQUEE,|NEEDED|,Pivo Smart mount in box,NONE,1,1
112,AV 15,MARQUEE,|NEEDED|,Pivo Action Mount in box,NONE,1,1
113,AV17,MARQUEE,|NEEDED|,Sennheisser e901 Microphone,NONE,1,1
114,AV 3,MARQUEE,|NEEDED|,Modem with power cable,NONE,1,1
115,AV 3,MARQUEE,|NEEDED|,Cable Ties,NONE,2,2
116,AV17,MARQUEE,|NEEDED|,Grunt Strap Container Box,NONE,1,1
117,AV 3,MARQUEE,|NEEDED|,Paint Brush set,NONE,1,1
118,AV 10,MARQUEE,|NEEDED|,MISCELANEOUS BACKUPS BOX,EXTRA AV GEAR,1,1
119,AV 10,MARQUEE,|NEEDED|,HDMI 30 Mtr Cable Boosted,NONE,2,2
120,AV10,MARQUEE,|NEEDED|,Male XLR to TRS 6.5mm Male Jack Cable,NONE,1,1
121,AV10,MARQUEE,|NEEDED|,10 Mtr Jack to Jack Male to Male 6.5mm TS to 6.5mm TS Cable,NONE,2,2
122,AV17,MARQUEE,|NEEDED|,HDMI Switcher,NONE,1,1
123,AV10,MARQUEE,|NEEDED|,6.5 TS to 6.5 TS Unballanced Cables (Red & Black),NONE,2,2
124,AV4,CONTAINER,|NEEDED|,Black Heavy Duty Plastic Box,NONE,1,1
125,AV4,CONTAINER,|NEEDED|,NUC Computer,NONE,1,1
126,AV4,CONTAINER,|NEEDED|,NUC Labeled Power Block and Cable,NONE,1,1
127,AV4,CONTAINER,|NEEDED|,Wireless Mouse,NONE,1,1
128,AV4,CONTAINER,|NEEDED|,Wireless Keyboard,NONE,1,1
129,AV4,CONTAINER,|NEEDED|,Wireless Dongle Black,Stored in front USB Port in NUC,1,1
130,AV4,CONTAINER,|NEEDED|,USB 'C' Hub,NONE,1,1
131,AV4,CONTAINER,|NEEDED|,32 Gig Stick Windows Bootable Drive,KEEP SAFE,1,1
132,AV4,CONTAINER,|NEEDED|,32 Inch Gigabyte Curved Monitor,NONE,1,1
133,AV 5,CONTAINER,|NEEDED|,TV Stand - Two Parts of Stand,NONE,1,1
134,AV4,CONTAINER,|NEEDED|,240Volt to Right Angle 2 Pin Power Cable,NONE,1,1
135,AV13,MARQUEE,|NEEDED|,Flood lights and stands,For Group Photos on Sunday night - Req's 1 X 5 Mtr Extension Lead with each,2,2
136,AV20,MARQUEE,|REAL2|,Surrender Spot Light Hung in Centre of Main Space,Switch is Behind Music Desk,1,1
137,Fac 1,CONTAINER,INACTIVE,Black Single Bed Fitted Sheet,NONE,2,2
138,Fac 1,CONTAINER,INACTIVE,Large Towels in Good Condition,Source from Towels - MT10 in Marquee,3,3
139,BREEZEWAY,BREEZEWAY,INACTIVE,20 Ltr Container Square Opaque, Pre-filled for Waterlord Ritual,2,2
140,BREEZEWAY,BREEZEWAY,INACTIVE,BIC brand BBQ ligher,NONE,1,1
141,BREEZEWAY,BREEZEWAY,INACTIVE,Empty Fibreglass Pond- Waterlord Ritual,NONE,1,1
142,BREEZEWAY,BREEZEWAY,INACTIVE,Firewood,NONE,1,1
143,BREEZEWAY,BREEZEWAY,INACTIVE,Flare Extinguisher Tin Long Handle,NONE,2,2
144,BREEZEWAY,BREEZEWAY,INACTIVE,Flares Pre-Filled (12 flares per yellow box) - Spares if needed,NONE,36,36
145,BREEZEWAY,BREEZEWAY,INACTIVE,Galvanised Flare Covers (Mini-Buckets),NONE,40,40
146,BREEZEWAY,BREEZEWAY,INACTIVE,Kindling,NONE,1,1
147,BREEZEWAY,BREEZEWAY,INACTIVE,Lite Blue Soft Foam Mats Place Around Sweat Fire Bot/Heater,NONE,8,8
148,BREEZEWAY,BREEZEWAY,INACTIVE,Pkt 24 Samba Fire Lighters,NONE,1,1
149,BREEZEWAY,BREEZEWAY,INACTIVE,Real Education Event Signs,NONE,2,2
150,BREEZEWAY,BREEZEWAY,INACTIVE,Timber Staffs for INITIATION CIRCLE (Tied Together),NONE,16,16
151,BREEZEWAY,BREEZEWAY,INACTIVE,Timber Staffs for SWEAT FIRE CIRCLE (Tied Together),NONE,17,17
152,BREEZEWAY,BREEZEWAY,|NEEDED|,Fire Tarp,NONE,2,2
153,BREEZEWAY,BREEZEWAY,|NEEDED|,Wheel Barrow - Steel,NONE,2,2
154,BREEZEWAY,BREEZEWAY,|NEEDED|,Flares Pre-Filled (12 flares per yellow box),NONE,2,2
155,BREEZEWAY,BREEZEWAY,|NEEDED|,Galvanised Flare Covers (Mini-Buckets),NONE,24,12
156,BREEZEWAY,BREEZEWAY,|NEEDED|,20 LTR Jerry Can YELLOW, DIESEL ONLY - for Flare Refilling,1,1
157,BREEZEWAY,BREEZEWAY,|NEEDED|,Green Plastic Rakes,NONE,3,3
158,BREEZEWAY,BREEZEWAY,|NEEDED|,Large Axe," 2 yellow, 1 orange",3,2
159,BREEZEWAY,BREEZEWAY,|NEEDED|,Block Splitter Yellow,NONE,2,2
160,BREEZEWAY,BREEZEWAY,|NEEDED|,Small Square-Mouth Shovel Short Handle,NONE,1,1
161,BREEZEWAY,BREEZEWAY,|NEEDED|,Plastic Watering Can **Use to refill Flares,NONE,1,1
162,BREEZEWAY,BREEZEWAY,|NEEDED|,Plastic white bucket and black stive shovel,NONE,1,1
163,BREEZEWAY,BREEZEWAY,|NEEDED|,10 Pot Flare Carrying Crate,NONE,1,1
164,BREEZEWAY,BREEZEWAY,|NEEDED|,Dark Grey Soft Foam Mats- Waterlord,NONE,0,0
165,BREEZEWAY,INSIDE SWEAT,|NEEDED|,Synthetic Grass Mats- Rolled,NONE,2,2
166,BREEZEWAY,BREEZEWAY,|NEEDED|,Black Rubber Mats and Pegs,NONE,4,4
167,BREEZEWAY,BREEZEWAY,|NEEDED|,10 Ltr Clay Bucket with Lid,Pre filled with Clay - Half Full - With Lids,4,4
168,BREEZEWAY,OUTSIDE SWEAT,|NEEDED|,Creek Flares in concrete buckets,NONE,3,3
169,F1,BREEZEWAY,|NEEDED|,Chux Roll,NONE,1,1
170,F1,BREEZEWAY,|NEEDED|,Fire Starters Packet (x24 cubes) Little Lucifer,NONE,4,4
171,F1,BREEZEWAY,|NEEDED|,BLACK Latex Free Rubber Gloves Container (Full),NONE,2,2
172,F1,L/H,|NEEDED|,Mortein Bug Bombs,NONE,2,2
173,F1,BREEZEWAY,|NEEDED|,Aeroguard Spray Cans,NONE,1,1
174,F1,BREEZEWAY,|NEEDED|,Spare Wick,NONE,1,1
175,F1,BREEZEWAY,|NEEDED|,Spare Copper Ring For Flares,NONE,1,1
176,F1,BREEZEWAY,|NEEDED|,Eucalyptus Water Soluable 50ml,NONE,1,1
177,F1,BREEZEWAY,|NEEDED|,Safety Glasses,NONE,3,3
178,F1,BREEZEWAY,|NEEDED|,Dolphin Torches Checked as working,NONE,1,1
179,F1,BREEZEWAY,|NEEDED|,Diesel Sauce Containers (Full) in yellow container,NONE,3,3
180,F2,BREEZEWAY,|NEEDED|,Sweat Bucket,NONE,2,2
181,F2,BREEZEWAY,|NEEDED|,Stainless Steele Ladle,NONE,2,2
182,F2,BREEZEWAY,|NEEDED|,Heat Protection Gloves,NONE,1,1
183,F2,BREEZEWAY,|NEEDED|,Pair black welding gloves (to load woood into Sweat stove),NONE,1,1
184,F2,BREEZEWAY,|NEEDED|,500ml Soluble Eucalyptus Oil (back up for Sweat water mix),NONE,1,1
185,F2,BREEZEWAY,|NEEDED|,Tea Light Candles Container (Full),NONE,1,1
186,F2,BREEZEWAY,|NEEDED|,Dolphin Torches Checked as working,NONE,2,2
187,BREEZEWAY,BREEZEWAY,|REAL2|,Extra Long Handle Wide Mouth Shovels,NONE,2,2
188,BREEZEWAY,BREEZEWAY,|REAL2|,Long Handle wide mouth shovels,NONE,2,2
189,BREEZEWAY,BREEZEWAY,|REAL2|,Metal Rakes,NONE,2,2
190,BREEZEWAY,BREEZEWAY,|REAL2|,20 Ltr Container- Round White, Bucket of Charcoal for Fire Walk - Lane Base,4,4
191,BREEZEWAY,BREEZEWAY,|REAL2|,10 Ltr White Bucket,Charcoal crushed- Phoneinx Rising,1,1
192,BREEZEWAY,BREEZEWAY,|REAL2|,Small green synthetic grass mats For Fire Walk,NONE,4,4
193,TOP SHED,TOP SHED,|REAL2|,"Gauntlet Lane Kit 2 x 15Mtr black straps, 2 x Ratchets plus 2 x mats.",Box is stored on shelves with other straps.,1,1
194,BREEZEWAY,BREEZEWAY,|RSQ|,Yellow tub with Citronella filled Flares and tin covers,NONE,6,6
195,BREEZEWAY,BREEZEWAY,|RSQ|,Hell Fire Trays- Metal,Stored in Blue Barrel - PRE-PACK with OLD TOWELS,14,14
196,BREEZEWAY,BREEZEWAY,|RSQ|,Sauce Bottles 1Ltr Incl Lid - with Petrol/Diesel Premixed,Petrol/Diesel Premixed,3,3
197,BREEZEWAY,TOP SHED,|TANTRA|,Sweat Tarp Circular - Cut to Size,NONE,1,1
198,UNKNOWN,MARQUEE,|TANTRA|,Blue Plastic Footbaths,NONE,2,2
199,CONTAINER,CONTAINER,|REAL1|,Big Drum,NONE,1,1
200,R1,MARQUEE,|REAL1|,Brass Ornamental Dishes (Large),NONE,4,4
201,R1,MARQUEE,|REAL1|,Brown Suede Podium Cloth Sealed In Clip Lock Bag,NONE,1,1
202,R1,MARQUEE,|REAL1|,Clay - Container Makeup With Green Lid,for Makeup,1,1
203,R1,MARQUEE,|REAL1|,Eucalyptus Oil 250ml,NONE,1,0
204,R1,MARQUEE,|REAL1|,Gas BBQ Lighter Bic Brand ONLY,NONE,2,2
205,R1,MARQUEE,|REAL1|,Half Masks (cut to shape),NONE,8,7
206,R1,MARQUEE,|REAL1|,Half Masks (whole),NONE,9,8
207,R1,MARQUEE,|REAL1|,Macadamia Oil 200ml Pump Bottle,NONE,1,1
208,R1,MARQUEE,|REAL1|,Sage Brass Pot with Handle,NONE,1,1
209,R1,MARQUEE,|REAL1|,Sage Smudge Sticks,NONE,2,1
210,R1,MARQUEE,|REAL1|,Shaker Maracca (for Sweat),NONE,1,1
211,R1,MARQUEE,|REAL1|,Charcoal - Plastic Container with Green Lid ,for Makeup,1,1
212,R1,MARQUEE,|REAL1|,Stainless Steel Bowls (Large),NONE,4,4
213,R1,MARQUEE,|REAL1|,Stainless Steel Bowls (Small) Goblet Style,NONE,6,6
214,R1,MARQUEE,|REAL1|,White Ceramic Bowls small in clip lock bag,NONE,2,2
215,R1,MARQUEE,|REAL1|,Feather Sage Stick,NONE,2,2
216,R1,MARQUEE,|REAL1|,Ritual Jewellery Bag,NONE,1,1
217,R2,CONTAINER,|REAL1|,Buffalo Drums (Large) with Beaters,NONE,3,3
218,R3,CONTAINER,|REAL1|,Light & Shadow Box Incl 1 Black + 1 White Sheet for Initiation Ceremony,NONE,1,1
219,R3,MARQUEE,|REAL1|,Aeroguard,NONE,1,1
220,R3,MARQUEE,|REAL1|,Half Mask,NONE,1,1
221,R3,MARQUEE,|REAL1|,White Cotton Sheet,NONE,1,1
222,R4,CONTAINER,|REAL1|,Cow Bell & Stick,NONE,1,1
223,R4,CONTAINER,|REAL1|,Maraccas,NONE,16,16
224,R4,CONTAINER,|REAL1|,Spare Drum Sticks,NONE,2,2
225,R4,CONTAINER,|REAL1|,Tamborines,NONE,9,9
226,R5,CONTAINER,|REAL1|,Queen/King Ritual Flares (Silver Hand Held),NONE,5,4
227,R5,CONTAINER,|REAL1|,BBQ Gas Lighter BIC BRAND,NONE,1,1
228,R5,CONTAINER,|REAL1|,Black Wooden Frame For Storing Flares on site,NONE,1,1
229,R5,CONTAINER,|REAL1|,Black Gloves,NONE,12,12
230,R5,MARQUEE,|REAL1|,Bollard Flare (Fuel Container and Wick ),NONE,1,1
231,R5,MARQUEE,|REAL1|,Ritual Bollard Flame Extinguisher Can,NONE,1,1
232,R5,CONTAINER,|REAL1|,Diesel Sauce Container (Full),NONE,1,1
233,R5,MARQUEE,|REAL1|,Small Flare Extinguisher,NONE,1,1
234,R6,CONTAINER,|REAL1|,Small Mirrors Mirror & Clay,NONE,2,2
235,R7,CONTAINER,|REAL1|,Boxed Hand-Drums (Medium) with beaters,NONE,19,19
236,R7,CONTAINER,|REAL1|,Boxed Hand-Drums (Small) with beaters,NONE,4,4
237,R8,CONTAINER,|REAL1|,Big Drum Sticks,NONE,4,4
238,R?,CONTAINER,|REAL1|,Clap Sticks,NONE,50,50
239,R?,CONTAINER,|REAL1|,Drum Stands (Grey),NONE,4,4
240,R9,CONTAINER,|REAL1|,Timber Pedastal,NONE,1,1
241,R15,MARQUEE,|REAL2|,Golden Ball Stands Gold,NONE,65,65
242,R16,MARQUEE,|REAL2|,Illuminated Golden Key Ball Tested & Working,NONE,1,1
243,R17,MARQUEE,|REAL2|,Drill,NONE,1,1
244,R21,MARQUEE,|REAL2|,Funnels Large Yellow Oval,NONE,1,1
245,R21,MARQUEE,|REAL2|,Funnels Small Black,NONE,1,1
246,R21,MARQUEE,|REAL2|,Funnels Small White,NONE,3,3
247,R21,MARQUEE,|REAL2|,Mixer Head,NONE,1,1
248,R18,MARQUEE,|REAL2|,1 Ltr Sorbolene Squeeze Bottles + Tops,NONE,12,0
249,R17,MARQUEE,|REAL2|,10 Ltr Mixed Sorbolene Containers Opaque White,NONE,1,1
250,R19,MARQUEE,|REAL2|,Arrow Break Kits - Safety Glasses x 3 + Leather Hand Guard x 1,Safety Glasses x 3 + Leather Hand Guard x 1 ,6,6
251,R19,MARQUEE,|REAL2|,Leather Hand Guard,1 per Kit,1,1
252,R19,MARQUEE,|REAL2|,Safety Glasses,3 Per Kit,3,3
253,R19,MARQUEE,|REAL2|,Grail with Lge Candle & 4 Tea Lights inserted,NONE,1,1
254,R20,MARQUEE,|REAL2|,Sorbolene 1litre,OFFICE RE-SUPPLY,24,10
255,R22,MARQUEE,|REAL2|,10 Ltr Mixed Sorbolene Containers,NONE,1,1
256,R?,MARQUEE,|REAL2|,20 Ltr White Container Round,For mixing sorbolene,1,1
257,R23,MARQUEE,|REAL2|,Grove Nets,NONE,8,8
258,R23,MARQUEE,|REAL2|,"Padlocks and Key, black straps With Grove Net",NONE,8,8
259,R24,MARQUEE,|REAL2|,Knighting Mats Box,NONE,1,1
260,R24,MARQUEE,|REAL2|,Carpet Squares,NONE,4,4
261,R24,MARQUEE,|REAL2|,Coconut Mats,NONE,4,4
262,R25,MARQUEE,|REAL2|,Glass Tea Light Candle Holders Sml Med???,NONE,96,100
263,R26,MARQUEE,|REAL2|,Med.Yellow Tub,For Warm Sorbolene,1,1
264,R27,MARQUEE,|REAL2|,Small Yellow Tub,For Warm Sorbolene,1,1
265,R35,MARQUEE,|RSQ|,Purple Pedestal Cover,NONE,1,1
266,R36,MARQUEE,|RSQ|,Big Crystal Ball,NONE,1,1
267,R37,MARQUEE,|RSQ|,200ml Spray Bottle,NONE,3,0
268,R46,MARQUEE,|RSQ|,Coconut Oil 330 ml,NONE,1,1
269,R46,MARQUEE,|RSQ|,Eucalyptus Pure Oil 175ml,NONE,1,1
270,R46,MARQUEE,|RSQ|,Lavender Oil Water Soluble 100ml,NONE,5,7
271,R46,MARQUEE,|RSQ|,Lavender Pure Essential Oil 50 ml,NONE,2,3
272,R46,MARQUEE,|RSQ|,Potpourri Bag,NONE,10,10
273,R46,MARQUEE,|RSQ|,Rose hip Essential Oil 50 ml,NONE,1,1
274,R46,MARQUEE,|RSQ|,Rose Hydrating Spritz 100ml,NONE,1,1
275,R46,MARQUEE,|RSQ|,Shot Cups Paper,NONE,50,59
276,R46,MARQUEE,|RSQ|,Talcum Powder 200 gm,NONE,2,7
277,R38 ,MARQUEE,|RSQ|,Opaque Plastic Foot Baths,NONE,8,8
278,R39,MARQUEE,|RSQ|,Stainless Steel Jugs,NONE,7,7
279,R42,MARQUEE,|RSQ|,Stainless Steel Buckets,NONE,4,4
280,R41,MARQUEE,|RSQ|,Glass Tee light Candle holders,NONE,153,153
281,R40,MARQUEE,|RSQ|,Glass Tee light Candle holders,NONE,107,107
282,R43,MARQUEE,|RSQ|,Challice Stainless Steel,NONE,1,1
283,R?,MARQUEE,|RSQ|,Sliver mixing bowl for the Buddha ?????,NONE,1,1
284,R44,MARQUEE,|RSQ|,Real 3 RSQ Participant Crystal ball,Kept Packed in Wooden Chest,50,11
285,R44,MARQUEE,|RSQ|,Bell,Kept Packed in Wooden Chest,1,1
286,R44,MARQUEE,|RSQ|,Blue Staff feathers/horse hair,Kept Packed in Wooden Chest,1,1
287,R44,MARQUEE,|RSQ|,Brass Jug lge,Kept Packed in Wooden Chest,1,1
288,R44,MARQUEE,|RSQ|,Candelabra with Pillar Candle,Kept Packed in Wooden Chest,1,1
289,R44,MARQUEE,|RSQ|,Conch Shell,Kept Packed in Wooden Chest,1,1
290,R45,MARQUEE,|RSQ|,Crystal Singing bowl with Silicone Rub,NONE,1,1
291,R44,MARQUEE,|RSQ|,Dagger,Kept Packed in Wooden Chest,1,1
292,R44,MARQUEE,|RSQ|,Golden Ball,Kept Packed in Wooden Chest,1,1
293,R44,MARQUEE,|RSQ|,Golden Lantern,Kept Packed in Wooden Chest,1,1
294,R44,MARQUEE,|RSQ|,Kookaburra feathers,Kept Packed in Wooden Chest,1,1
295,R44,MARQUEE,|RSQ|,Clap Sticks,Kept Packed in Wooden Chest,2,2
296,R44,MARQUEE,|RSQ|,Large Rock,Kept Packed in Wooden Chest,1,1
297,R44,MARQUEE,|RSQ|,Mini Staff,Kept Packed in Wooden Chest,1,1
298,R44,MARQUEE,|RSQ|,Mirror,Kept Packed in Wooden Chest,1,1
299,R44,MARQUEE,|RSQ|,Posie- white flowers,Kept Packed in Wooden Chest,1,1
300,R44,MARQUEE,|RSQ|,Real Man 1 Medallion,Kept Packed in Wooden Chest,1,1
301,R44,MARQUEE,|RSQ|,Real Woman 1 Medallion,Kept Packed in Wooden Chest,1,1
302,R44,MARQUEE,|RSQ|,Real Man 2 Key,Kept Packed in Wooden Chest,1,1
303,R44,MARQUEE,|RSQ|,Real Woman 2 Key,Kept Packed in Wooden Chest,1,1
304,R44,MARQUEE,|RSQ|,RSQ Oracle / Crystal Ball sml,Kept Packed in Wooden Chest,1,1
305,R44,MARQUEE,|RSQ|,Small Volcanic Rock,Kept Packed in Wooden Chest,1,1
306,R44,MARQUEE,|RSQ|,Plastic Sword,Kept Packed in Wooden Chest,1,1
307,R44,MARQUEE,|RSQ|,Wings/Onyx/Wood,Kept Packed in Wooden Chest,1,1
308,R44,MARQUEE,|RSQ|,Wooden Chest,NONE,1,1
309,LOOSE,CONTAINER,|INACTIVE|,Carpet Roll 10 Mtr Long x 3.6 Mtr Wide,"Carpet Rolls: Large Grey - Labelled 1, 2, 3",3,3
310,Z1,CONTAINER,|NEEDED|,Tissues boxes sml box of 100,NONE,24,24
311,Z2,MARQUEE,|NEEDED|,Brown Laundry Bags,NONE,5,5
312,Z2,MARQUEE,|NEEDED|,Face Washers,NONE,12,12
313,WHITE SHELVES,MARQUEE,|NEEDED|,Aeroguard,NONE,3,3
314,WHITE SHELVES,MARQUEE,|NEEDED|,Baby Wipes 80's Pkt,NONE,2,2
315,WHITE SHELVES,MARQUEE,|NEEDED|,Chux Wipes Roll (25 50cm x 22cm),NONE,1,1
316,WHITE SHELVES,MARQUEE,|NEEDED|,Detol hand Sanitizer,NONE,1,1
317,WHITE SHELVES,MARQUEE,|NEEDED|,Eucalytus Spray Cans,NONE,2,1
318,WHITE SHELVES,MARQUEE,|NEEDED|,Eucalytus Water Soluble 500ml,NONE,1,1
319,WHITE SHELVES,MARQUEE,|NEEDED|,Febreze,NONE,3,3
320,WHITE SHELVES,MARQUEE,|NEEDED|,Mortien Insect Spray,NONE,1,0
321,WHITE SHELVES,MARQUEE,|NEEDED|,Mozie Coils 30 Pack Tins,NONE,2,2
322,WHITE SHELVES,MARQUEE,|NEEDED|,No Vac Carpet Cleaner,NONE,2,2
323,WHITE SHELVES,MARQUEE,|NEEDED|,Orange Power Spray,NONE,1,1
324,WHITE SHELVES,MARQUEE,|NEEDED|,Paper Towel Roll,NONE,1,1
325,Z4,MARQUEE,|REALWOMAN|,"Menstruation Pads Regular PKTS of 14, Regular, Ultra Thin, Wings, Libra",NONE,20,20
326,Z4,MARQUEE,|REALWOMAN|,"Menstruation Pads Ultra Thins PKTS of 14, Regular, Ultra Thin, Wings, Libra",NONE,50,50
327,Z4,MARQUEE,|REALWOMAN|,Participant Bathing Kits,NONE,2,2
328,Z4,MARQUEE,|REALWOMAN|,Sarongs Coloured,NONE,9,9
329,Z4,MARQUEE,|REALWOMAN|,Sarongs White,NONE,10,10
330,Z4,MARQUEE,|REALWOMAN|,"Sarongs, Tampons, Pads",NONE,1,1
331,Z4,MARQUEE,|REALWOMAN|,Spare Tooth Brushes,NONE,3,1
332,Z4,MARQUEE,|REALWOMAN|,"Tampons, Regular PKTS of 20, Carefree Regular",NONE,60,32
333,Z4,MARQUEE,|REALWOMAN|,"Tampons, Super PKTS of 20, Carefree Large (or Super)",NONE,32,32
334,Z5,MARQUEE,|NEEDED|,Mattress Ropes,NONE,61,61
335,Z6,MARQUEE,|NEEDED|,Black Single Bed Fitted Sheet,NONE,20,20
336,Z7,MARQUEE,|NEEDED|,Black Single Bed Fitted Sheet,NONE,20,20
337,Z8,CONTAINER,|NEEDED|,Black Single Bed Fitted Sheet,NONE,20,20
338,Z9,MARQUEE,|NEEDED|,Towels,Towels - Full Box,15,15
339,Z10,MARQUEE,|NEEDED|,Towels,Towels - Full Box,15,15
340,Z11,CONTAINER,|NEEDED|,Towels,NONE,15,15
341,Z12,CONTAINER,|NEEDED|,Black Blind Folds,NONE,60,60
342,Z13,MARQUEE,|NEEDED|,R1/R2 Props Box 4,NONE,1,1
343,Z13,MARQUEE,|NEEDED|,Satin Sheet – Blue,NONE,2,2
344,Z13,MARQUEE,|NEEDED|,Satin Sheet – Pink,NONE,2,2
345,Z13,MARQUEE,|NEEDED|,Satin Sheet – Black,NONE,6,5
346,Z13,MARQUEE,|NEEDED|,Satin Sheet – White,NONE,3,3
347,Z13,MARQUEE,|NEEDED|,Satin Sheet – Red,NONE,2,2
348,Z13,MARQUEE,|NEEDED|,Satin Sheet – Gold,NONE,2,2
349,Z13,MARQUEE,|NEEDED|,Sheet – Calico,NONE,1,1
350,Z14,MARQUEE,|REAL1||REAL2|,R1/R2 Props Box 1,NONE,1,1
351,Z14,MARQUEE,|REAL1||REAL2|,Black Blind Folds,In clip lock plastic bag.,1,1
352,Z14,MARQUEE,|REAL1||REAL2|,2 x Dripless candles small (in plastic container),NONE,2,2
353,Z14,MARQUEE,|REAL1||REAL2|,A4 Pln Paper Sheets,NONE,20,20
354,Z14,MARQUEE,|REAL1||REAL2|,Baby in Blanket,On top of Zen Drawers,0,0
355,Z14,MARQUEE,|REAL1||REAL2|,Bible,NONE,1,1
356,Z14,MARQUEE,|REAL1||REAL2|,Candelabra on Stainless Steel Tray (White Shelf),NONE,6,6
357,Z14,MARQUEE,|REAL1||REAL2|,Candelabra,NONE,3,3
358,Z14,MARQUEE,|REAL1||REAL2|,Cardboard coffee cups,NONE,8,9
359,Z14,MARQUEE,|REAL1||REAL2|,Clap sticks,NONE,2,2
360,Z14,MARQUEE,|REAL1||REAL2|,Cup Talcum Powder Found in Box R37,Found in Box R37 ,1,1
361,Z14,MARQUEE,|REAL1||REAL2|,Finger Pump Spray bottle Rose Water - Pink Bottle,Facilitator's Ritual Box,1,1
362,Z14,MARQUEE,|REAL1||REAL2|,Golden Ball Plastic,NONE,1,1
363,Z14,MARQUEE,|REAL1||REAL2|,Long Rope – Red and White,NONE,1,1
364,Z14,MARQUEE,|REAL1||REAL2|,Participant NameTag Drop,Yellow Box - Small,1,1
365,Z14,MARQUEE,|REAL1||REAL2|,Candle Holder Plastic Bowl,NONE,1,1
366,Z14,MARQUEE,|REAL1||REAL2|,Pool Noodles Sml,NONE,3,3
367,Z14,MARQUEE,|REAL1||REAL2|,Present (Gift giving process) Box,NONE,1,1
368,Z14,MARQUEE,|REAL1||REAL2|,Priest Cross,NONE,1,1
369,Z14,MARQUEE,|REAL1||REAL2|,Ropes – yellow,NONE,2,2
370,Z14,MARQUEE,|REAL1||REAL2|,"Roses- plastic, long stemmed",NONE,3,3
371,Z14,MARQUEE,|REAL1||REAL2|,Round Wooden Box with Brass Bells Set (Facilitator's Ritual Box),Kept in Facilitator's Ritual Box ,1,1
372,Z14,MARQUEE,|REAL1||REAL2|,Short Rope – Red and White (crossing the line),NONE,1,1
373,Z14,MARQUEE,|REAL1||REAL2|,Talking Stick Wrapped in Purple Suede,NONE,1,1
374,Z14,MARQUEE,|REAL1||REAL2|,Tennis Balls,NONE,4,4
375,Z14,MARQUEE,|REAL1||REAL2|,Trigger Spray Bottle Plain Water,NONE,1,1
376,Z15,MARQUEE,|NEEDED|,Flip Chart Paper,NONE,50,50
377,Z17,MARQUEE,|NEEDED|,Assorted Tools,NONE,1,1
378,Z17,MARQUEE,|NEEDED|,Archetrave Paint and Brush,NONE,1,1
379,Z17,MARQUEE,|NEEDED|,Tape Measure,NONE,1,1
380,Z17,MARQUEE,|NEEDED|,Batteries 18Volt for Cordless Drill,NONE,2,2
381,Z17,MARQUEE,|NEEDED|,Ryobi Battery 18Volt Charger,NONE,1,1
382,Z17,MARQUEE,|NEEDED|,Cordless Drill,NONE,1,1
383,Z17,MARQUEE,|NEEDED|,Driver Bit Set,NONE,1,1
384,Z17,MARQUEE,|NEEDED|,WD40,NONE,1,1
385,Z18,CONTAINER,|INACTTIVE|,Black Curtains,NONE,1,1
386,Z18,CONTAINER,|INACTTIVE|,Behind Music Desk (red/white rope),NONE,1,1
387,Z18,CONTAINER,|INACTTIVE|,Kitchen Door (orange rope),NONE,1,1
388,Z18,CONTAINER,|INACTTIVE|,Triangle Window Cover (orange rope),NONE,1,1
389,Z19,CONTAINER,|INACTTIVE|,Black Curtains on Ropes Box 3 (Crew & Main Entry),NONE,1,1
390,Z20,CONTAINER,|NEEDED|,Extension Lead 20M (Red/Yellow),NONE,3,3
391,Z20,CONTAINER,|NEEDED|,Extension Lead 15 Mtr,NONE,1,1
392,Z20,CONTAINER,|NEEDED|,Extension Lead 10 Mtr,NONE,1,1
393,Z20,CONTAINER,|NEEDED|,Extension Lead 7 Mtr,NONE,2,1
394,Z20,CONTAINER,|NEEDED|,Extension Lead 5 Mtr,NONE,1,2
395,Z20,CONTAINER,|NEEDED|,Extension Lead 2 Mtr,NONE,1,1
396,Z20,CONTAINER,|NEEDED|,240Volt Power Board 8-Plug (GREY),NONE,0,1
397,Z20,CONTAINER,|NEEDED|,240Volt Power Board 6-Plug (White),NONE,1,0
398,Z20,CONTAINER,|NEEDED|,240Volt Power Board 4-Plug (White),NONE,1,1
399,Z21,MARQUEE,|NEEDED|,Torches,NONE,1,1
400,Z21,MARQUEE,|NEEDED|,Dolphin Torches Tested & working,NONE,5,5
401,Z22,CONTAINER,|NEEDED|,Black Sheets,NONE,20,20
402,Z23,CONTAINER,|NEEDED|,Ponchos (Rain Coats),NONE,50,47
403,Z24,CONTAINER,|NEEDED|,Blankets,NONE,3,3
404,Z25,MARQUEE,|NEEDED|,Dustpan & Brush,NONE,1,1
405,Z25,MARQUEE,|NEEDED|,Extension Lead 20 Mtr,NONE,1,1
406,Z25,MARQUEE,|NEEDED|,Vacuum Cleaner Emptied with Fittings Checked & Working,NONE,1,1
407,Z26,CONTAINER,|NEEDED|,Black Baggage Bags (Prop),NONE,2,2
408,Z27,CONTAINER,|NEEDED|,Blue Director's Chairs,NONE,2,2
409,Z28,CONTAINER,|NEEDED|,Ropes Box with plenty of assorted ropes,NONE,1,1
410,UNKNOWN,MARQUEE,|NEEDED|,Box Of Limits (6 Sections),NONE,1,1
411,UNKNOWN,MARQUEE,|NEEDED|,Buffalo Drum,NONE,1,1
412,UNKNOWN,MARQUEE,|NEEDED|,Ceremonial Swords,NONE,4,4
413,UNKNOWN,MARQUEE,|NEEDED|,Yellow Punching Bag,NONE,1,1
414,UNKNOWN,MARQUEE,|NEEDED|,Running Wo/Man Mask,NONE,1,1
415,UNKNOWN,MARQUEE,|NEEDED|,Rain Stick,NONE,1,1
416,UNKNOWN,MARQUEE,|NEEDED|,Swords,NONE,4,4
417,UNKNOWN,MARQUEE,|NEEDED|,Sword Stabbing Timber Slab,NONE,1,1
418,UNKNOWN,MARQUEE,|NEEDED|,Hoola hoops,NONE,10,9
419,UNKNOWN,MARQUEE,|NEEDED|,Large Mirror,NONE,2,2
420,UNKNOWN,MARQUEE,|NEEDED|,White Wooden Cross Large,NONE,1,1
421,UNKNOWN,MARQUEE,|NEEDED|,Crutches (Pair),NONE,2,2
422,UNKNOWN,MARQUEE,|NEEDED|,20 Mtr Extension Cord (Power for Container),NONE,1,1
423,UNKNOWN,MARQUEE,|NEEDED|,Poly Pipe Wacker,NONE,1,1
424,UNKNOWN,MARQUEE,|NEEDED|,Speaker Mounting Bkts,NONE,2,2
425,UNKNOWN,MARQUEE,|NEEDED|,Timber Staff,NONE,52,52
426,Z30,CONTAINER,|NEEDED|,Large Black Bin,NONE,1,1
427,UNKNOWN,CONTAINER,|NEEDED|,Grey Space Rubbish Bins,NONE,5,5
428,Z31,CONTAINER,|NEEDED|,Blanket- blue,NONE,1,1
429,UNKNOWN,CONTAINER,|NEEDED|,Pillow,NONE,1,1
430,UNKNOWN,CONTAINER,|NEEDED|,Sheet set,NONE,1,1
431,Z32,MARQUEE,|NEEDED|,"Real Confidence Box Silver, Metallic Box",Silver Metal Case,1,1
432,Z32,MARQUEE,|NEEDED|,Coloured Glass Beads in Container,NONE,1,1
433,Z32,MARQUEE,|NEEDED|,Eye Sign,NONE,1,1
434,Z32,MARQUEE,|NEEDED|,A4 Pln Paper,Loose Sheets in Manila Folder,10,10
435,Z32,MARQUEE,|NEEDED|,Red Carry Bag with Bottom cut out,NONE,1,1
436,Z32,MARQUEE,|NEEDED|,Red Heart Pillow -,NONE,1,1
437,Z32,MARQUEE,|NEEDED|,TIMELINE PROCESS Laminated Cue Cards,NONE,38,38
438,Z32,MARQUEE,|NEEDED|,Yes / No Sign,NONE,1,1
439,N/A,CONTAINER,|NEEDED|,Sleeping Matresses (Blue),NONE,29,29
440,Z16 ????,MARQUEE,|NEEDED|,Sleeping Matresses (Stripes),NONE,21,21
441,Z16 ????,MARQUEE,|NEEDED|,Facilitator Chair,NONE,1,1
442,Z16 ????,MARQUEE,|NEEDED|,Facilitator Lectern,NONE,1,1
443,PLASTIC DRAWERS ,Zen Zone 2,|NEEDED|,Balloons,NONE,200,200
444,PLASTIC DRAWERS ,Zen Zone 2,|NEEDED|,Batteries 'D' Cell,NONE,8,2
445,PLASTIC DRAWERS ,Zen Zone 2,|NEEDED|,Batteries AA,NONE,48,0
446,PLASTIC DRAWERS ,Zen Zone 2,|NEEDED|,Batteries AAA,NONE,40,40
447,PLASTIC DRAWERS ,Zen Zone 2,|NEEDED|,Batteries Lithium flat 3V,NONE,40,32
448,PLASTIC DRAWERS ,Zen Zone 2,|NEEDED|,Batteries C cell,NONE,4,0
449,PLASTIC DRAWERS ,Zen Zone 2,|NEEDED|,Batteries Stop watch,NONE,4,2
450,PLASTIC DRAWERS ,Zen Zone 2,|NEEDED|,Blu-Tak 75g packs,NONE,6,8
451,PLASTIC DRAWERS ,Zen Zone 2,|NEEDED|,Connector Bulldog Clips (Medium 25mm),NONE,12,14
452,PLASTIC DRAWERS ,Zen Zone 2,|NEEDED|,Connector Bulldog Clips (Large 50mm),NONE,8,8
453,PLASTIC DRAWERS ,Zen Zone 2,|NEEDED|,Connector Bulldog Clips (sml 12mm),NONE,12,12
454,PLASTIC DRAWERS ,Zen Zone 2,|NEEDED|,Hook and Loop Velcro 1.8m,NONE,1,1
455,PLASTIC DRAWERS ,Zen Zone 2,|NEEDED|,Connector Stapler,NONE,1,1
456,PLASTIC DRAWERS ,Zen Zone 2,|NEEDED|,Connector Staples (Boxes),NONE,1,2
457,PLASTIC DRAWERS ,Zen Zone 2,|NEEDED|,Counter Stop Watch Plus 1 in Box R1,NONE,3,3
458,PLASTIC DRAWERS ,Zen Zone 2,|NEEDED|,Counter Click Counters,NONE,3,3
459,PLASTIC DRAWERS ,Zen Zone 2,|NEEDED|,Clip boards,NONE,3,3
460,PLASTIC DRAWERS ,Zen Zone 2,|NEEDED|,Clothes line,NONE,3,3
461,PLASTIC DRAWERS ,Zen Zone 2,|NEEDED|,Crew drop box,NONE,1,1
462,PLASTIC DRAWERS ,Zen Zone 2,|NEEDED|,Crew Name Tags,NONE,1,1
463,PLASTIC DRAWERS ,Zen Zone 2,|NEEDED|,Crew Name Tags holders,NONE,8,8
464,PLASTIC DRAWERS ,Zen Zone 2,|NEEDED|,"Crew Shirts - Womens Sizes 10, 14, 18, 22",Crew Shirts Womens Size 10,3,3
465,PLASTIC DRAWERS ,Zen Zone 2,|NEEDED|,"Crew Shirts - Mens - M, L, 2XL",NONE,3,3
466,PLASTIC DRAWERS ,Zen Zone 2,|NEEDED|,Dot,NONE,3,3
467,PLASTIC DRAWERS ,Zen Zone 2,|NEEDED|,Spider Trick Assorted bugs pack 1 of each,NONE,1,1
468,PLASTIC DRAWERS ,Zen Zone 2,|NEEDED|,Golden Ball (Real 2),NONE,1,1
469,PLASTIC DRAWERS ,Zen Zone 2,|NEEDED|,Golden Ball Wicker Basket Sml,For Golden Ball (Real 2) Process,1,1
470,PLASTIC DRAWERS ,Zen Zone 2,|NEEDED|,Real Man 1 Medallion,NONE,1,1
471,PLASTIC DRAWERS ,Zen Zone 2,|NEEDED|,Real Women 1 Medallion,NONE,1,1
472,PLASTIC DRAWERS ,Zen Zone 2,|NEEDED|,Real Man 2 Key,NONE,1,1
473,PLASTIC DRAWERS ,Zen Zone 2,|NEEDED|,Real Woman 2 Key,NONE,1,1
474,PLASTIC DRAWERS ,Zen Zone 2,|NEEDED|,Padlock and Key with Black Strap - For Grove Net,NONE,8,8
475,PLASTIC DRAWERS ,Zen Zone 2,|NEEDED|,Grove Net (Incl Padlock),NONE,8,8
476,PLASTIC DRAWERS ,Zen Zone 2,|NEEDED|,Real 2 Mother Weave - Red & White Rope,NONE,1,1
477,PLASTIC DRAWERS ,Zen Zone 2,|NEEDED|,Ear Plugs,NONE,100,24
478,PLASTIC DRAWERS ,Zen Zone 2,|NEEDED|,Flipchart Markers Blue,NONE,3,7
479,PLASTIC DRAWERS ,Zen Zone 2,|NEEDED|,Flipchart Markers Green,NONE,3,6
480,PLASTIC DRAWERS ,Zen Zone 2,|NEEDED|,Flipchart Markers Red,NONE,3,6
481,PLASTIC DRAWERS ,Zen Zone 2,|NEEDED|,Flipchart Markers Black,NONE,3,7
482,PLASTIC DRAWERS ,Zen Zone 2,|NEEDED|,Gaffer Tape Unopened Yellow,NONE,1,0
483,PLASTIC DRAWERS ,Zen Zone 2,|NEEDED|,Gaffer Tape Unopened Black,NONE,2,2
484,PLASTIC DRAWERS ,Zen Zone 2,|NEEDED|,Garbage Bags White 27 litre Full Rolls (LUGGAGE HUT IF NEEDED),NONE,0,0
485,PLASTIC DRAWERS ,Zen Zone 2,|NEEDED|,Garbage Bags Black 56 litre Full Rolls,NONE,1,1
486,PLASTIC DRAWERS ,Zen Zone 2,|NEEDED|,Gargage Bin liners Rolls Small 12tr,NONE,2,2
487,PLASTIC DRAWERS ,Zen Zone 2,|NEEDED|,Garbage Bags Black 240 litre Pkt 10 (LUGGAGE HUT IF NEEDED),NONE,0,0
488,PLASTIC DRAWERS ,Zen Zone 2,|NEEDED|,Hole Punch 3 hole,NONE,1,1
489,PLASTIC DRAWERS ,Zen Zone 2,|NEEDED|,Lantana Root & Rock,Demo Sample - 1 of Each in Drawer,2,1
490,PLASTIC DRAWERS ,Zen Zone 2,|NEEDED|,Assorted lighters - BBQ Gas Lighter BIC BRAND,NONE,8,10
491,PLASTIC DRAWERS ,Zen Zone 3,|NEEDED|,Dimmer Lights - In Cardboard Boxes,In Cardboard Boxes,0,0
492,PLASTIC DRAWERS ,Zen Zone 2,|NEEDED|,Masks Per Number of Crew,NONE,50,79
493,PLASTIC DRAWERS ,Zen Zone 2,|NEEDED|,Small Roles String 80Mtr,NONE,2,1
494,PLASTIC DRAWERS ,Zen Zone 2,|NEEDED|,Paper A4 Paper (Reem 500),NONE,2,1
495,PLASTIC DRAWERS ,Zen Zone 2,|NEEDED|,Paper A4 3 hole Paper (Reem 500),NONE,2,1
496,PLASTIC DRAWERS ,Zen Zone 2,|NEEDED|,Paper A5 Paper (Reem 500),NONE,1,1
497,PLASTIC DRAWERS ,Zen Zone 2,|NEEDED|,Pax Spare Name Tags,NONE,0,0
498,PLASTIC DRAWERS ,Zen Zone 2,|NEEDED|,Pax Spare Name Tags holders,NONE,10,7
499,PLASTIC DRAWERS ,Zen Zone 2,|NEEDED|,Pegs,NONE,100,100
500,PLASTIC DRAWERS ,Zen Zone 2,|NEEDED|,Perm Marker - Bullet Tip,NONE,4,4
501,PLASTIC DRAWERS ,Zen Zone 2,|NEEDED|,Highlighter,NONE,6,6
502,PLASTIC DRAWERS ,Zen Zone 2,|NEEDED|,Pencils,NONE,10,1
503,PLASTIC DRAWERS ,Zen Zone 2,|NEEDED|,Pen,NONE,50,50
504,PLASTIC DRAWERS ,Zen Zone 2,|NEEDED|,Pencil Sharpener,NONE,4,4
505,PLASTIC DRAWERS ,Zen Zone 2,|NEEDED|,White-out,NONE,1,1
506,PLASTIC DRAWERS ,Zen Zone 2,|NEEDED|,Rubbers,NONE,7,7
507,PLASTIC DRAWERS ,Zen Zone 2,|NEEDED|,"Post-it Notes (Small), Post-it Notes (Medium), Post-it Notes (Large)",NONE,1,1
508,PLASTIC DRAWERS ,Zen Zone 2,|NEEDED|,Rubberbands,NONE,40,40
509,PLASTIC DRAWERS ,Zen Zone 2,|NEEDED|,Scissors,NONE,6,6
510,PLASTIC DRAWERS ,Zen Zone 2,|NEEDED|,Safety Knife,NONE,1,1
511,PLASTIC DRAWERS ,Zen Zone 2,|NEEDED|,Safety Knife Blade Replacement,NONE,1,1
512,PLASTIC DRAWERS ,Zen Zone 2,|NEEDED|,Stick On Labels Sheets- (Water Bottle Name Tags),NONE,100,120
513,PLASTIC DRAWERS ,Zen Zone 2,|NEEDED|,Story Book,NONE,2,2
514,PLASTIC DRAWERS ,Zen Zone 2,|NEEDED|,Textas Assorted Dark Colours Crew,NONE,1,1
515,PLASTIC DRAWERS ,Zen Zone 2,|NEEDED|,Tic Tacs 50g Packs,NONE,6,1
516,PLASTIC DRAWERS ,Zen Zone 2,|NEEDED|,"White Tee Shirts - Mens - Sizes M, L, 2XL",NONE,4,3
517,PLASTIC DRAWERS ,Zen Zone 2,|NEEDED|,"White Tee Shirts Womens Sizes 18, 12, 10",NONE,3,3
518,PLASTIC DRAWERS ,Zen Zone 2,|NEEDED|,Xylophone Real 3,NONE,1,1
519,PLASTIC DRAWERS ,Zen Zone 2,|NEEDED|,Spare Padlock and Key,NONE,0,1
520,WHITE SHELVES,Zen Area 2 ,|NEEDED|,600ml Facilitator's Water,NONE,72,0
521,WHITE SHELVES,Zen Area 2 ,|NEEDED|,Aeroguard Spray Personal Insect  Repellant - Blue Tins,NONE,2,2
522,WHITE SHELVES,Zen Area 2 ,|NEEDED|,Baby Wipes 80's,NONE,2,0
523,WHITE SHELVES,Zen Area 2 ,|NEEDED|,Candelabras,NONE,6,6
524,WHITE SHELVES,Zen Area 2 ,|NEEDED|,Candelabra Drip Trays Stainless Steel,NONE,6,5
525,WHITE SHELVES,Zen Area 2 ,|NEEDED|,Candelabras on Stainless Steel Drip Trays,NONE,4,4
526,WHITE SHELVES,Zen Area 2 ,|NEEDED|,Coconut Water 1ltr bottles,NONE,6,4
527,WHITE SHELVES,Zen Area 2 ,|NEEDED|,Cotton Twine 300mtr rolls,NONE,2,2
528,WHITE SHELVES,Zen Area 2 ,|NEEDED|,First-Aid Kit Green box,NONE,1,1
529,WHITE SHELVES,Zen Area 2 ,|NEEDED|,Hand Sanitizer,NONE,2,2
530,WHITE SHELVES,Zen Area 2 ,|NEEDED|,Pillar Candles Lge,NONE,3,3
531,WHITE SHELVES,Zen Area 2 ,|NEEDED|,Small Grey Rubbish Bins,NONE,6,6
532,WHITE SHELVES,Zen Area 2 ,|NEEDED|,Small Mirrors,NONE,24,24
533,WHITE SHELVES,Zen Area 2 ,|NEEDED|,Tissues 100 per box,NONE,10,11
534,WHITE SHELVES,Zen Area 2 ,|NEEDED|,Eucalyptus Spray Cans,NONE,2,2
535,WHITE SHELVES,Zen Area 2 ,|NEEDED|,Febreze 370ml,NONE,2,2
536,WHITE SHELVES,Zen Area 2 ,|NEEDED|,Freedom Carpet Cleaner,NONE,1,1
537,WHITE SHELVES,Zen Area 2 ,|NEEDED|,No Vac Carpet Sanitizer Deodorant,NONE,1,1
538,WHITE SHELVES,Zen Area 2 ,|NEEDED|,Orange Power Spray,NONE,1,1
539,WHITE SHELVES,Zen Area 2 ,|NEEDED|,Roll Chux,NONE,1,1
540,WHITE SHELVES,Zen Area 2 ,|NEEDED|,Paper Towels (Roll),NONE,1,1
541,Z40,MARQUEE,|REAL2|,Golden Balls,NONE,60,46
542,Z41,MARQUEE,|REAL2|,Red & White Ropes,NONE,50,32
543,Z42,MARQUEE,|REAL2|,Leather Gloves (Pairs),NONE,26,19
544,Z43,CONTAINER,|REAL2|,Skit Box,NONE,1,1
545,Z44,MARQUEE,|REAL2|,Plastic Swords,NONE,40,25
546,Z44,L/H,|REAL2|,Large Tarp Breathe 12Mtr X 12Mtr,NONE,1,1
547,Z45,L/H,|REAL2|,Gauntlet Carpet,NONE,1,1
548,Z46,L/H,|REAL2|,Tunnel Of Turbulence,NONE,1,1
549,Z47,MARQUEE,|REAL1||REAL2|,Black Sheets,NONE,30,30
550,Z48,MARQUEE,|REAL1||REAL2|,Black Sheets,NONE,30,30
551,Z49,MARQUEE,|REAL2|,"Birthing Canals (Beige colour,",NONE,4,4
552,Z50,MARQUEE,|NEEDED|,Mattresses,NONE,40,40
553,Z51,MARQUEE,|REAL2|,Candelabra,NONE,2,2
554,Z52,MARQUEE,|REAL2|,Birthing Tarp Cleaning Kit,NONE,1,1
555,Z52,MARQUEE,|REAL2|,1 Ltr CT Truck wash,NONE,1,0
556,Z52,MARQUEE,|REAL2|,Assorted ropes and Straps,NONE,1,1
557,Z52,MARQUEE,|REAL2|,Steel Anchor Pegs,NONE,1,1
558,Z52,MARQUEE,|REAL2|,Yellow tub,NONE,1,1
559,Z52,MARQUEE,|NEEDED|,Buffalo Drum,NONE,1,1
560,Z53,MARQUEE,|REAL2|,Arrows,NONE,90,41
561,Z54,MARQUEE,|REAL2|,Foam Balls,NONE,50,12
562,Z55,MARQUEE,|REAL2|,Foam Balls,NONE,50,50
563,Z57,MARQUEE,|REAL2|,Sorbolene 1 Ltr,NONE,20,10
564,Z58,MARQUEE,|REAL2|,Candle Dripless - New,NONE,50,40
565,UNKNOWN,MARQUEE,|REAL2|,Candle Dripless used,NONE,64,20
566,UNKNOWN,MARQUEE,|REAL2|,Candle Pillar 200mm,NONE,6,7
567,UNKNOWN,MARQUEE,|REAL2|,Candle Pillar 70mm,NONE,4,3
568,Z59,MARQUEE,|REAL2|,Candles Tea light,NONE,400,100
569,Z65,MARQUEE,|RSQ|,Black Ropes Circles,NONE,51,51
570,UNKNOWN,MARQUEE,|RSQ|,Black Rope Lge,NONE,2,2
571,Z66,MARQUEE,|RSQ|,Mirrors Medium,NONE,20,20
572,Z67,MARQUEE,|RSQ|,Mirrors Medium,NONE,20,20
573,Z68,MARQUEE,|RSQ|,Mirrors Medium,NONE,20,20
574,Z70,MARQUEE,|RSQ|,Cooling Fans (small),NONE,11,5
575,UNKNOWN,MARQUEE,|RSQ|,Table Mini Evaporative Air Conditioner,NONE,1,0
576,Z71,MARQUEE,|RSQ|,Small Ball String - 80Mtr,NONE,1,1
577,UNKNOWN,MARQUEE,|RSQ|,Parcel A3 Paper 500 Sheet Pack/Reem,NONE,2,1
578,UNKNOWN,MARQUEE,|RSQ|,Post it Notes small,NONE,20,20
579,UNKNOWN,MARQUEE,|RSQ|,String 80m,NONE,3,3
580,Z72,MARQUEE,|TANTRA|,Balloons 100pk,NONE,1,1
581,Z72,MARQUEE,|TANTRA|,Eye Masks,NONE,50,50
582,Z72,MARQUEE,|TANTRA|,Potpouri Bag,NONE,1,0
583,Z72,MARQUEE,|TANTRA|,Red Feather Boas Halves,NONE,30,30
584,Z72,MARQUEE,|TANTRA|,Spray Essential Oil Rose & Jasmine,NONE,1,1
585,Z72,MARQUEE,|TANTRA|,Spray Essential Oil Sandalwood & Pachouli,NONE,1,1
586,Z72,MARQUEE,|TANTRA|,Sage Smudge Sticks,NONE,6,6
587,Z72,MARQUEE,|TANTRA|,Feather Sage Wand/Stick - Marquee R1 Storage Area,NONE,1,1
588,Z73,MARQUEE,|TANTRA|,Black Chain,NONE,12,12
589,Z73,MARQUEE,|TANTRA|,Coathanger covered in clingwrap Facilitator Prop,NONE,1,1
590,Z73,MARQUEE,|TANTRA|,Golden Ceremonial Rings individual,NONE,36,36
591,Z73,MARQUEE,|TANTRA|,Sharbari Rope - Cut to Lengths,NONE,18,18
592,Z74,MARQUEE,|TANTRA|,Cayenne Pepper,NONE,1,0
593,Z74,MARQUEE,|TANTRA|,Ceremonial Cacao Block 400gm,NONE,2,0
594,Z74,MARQUEE,|TANTRA|,Cinnamon,NONE,1,0
595,Z74,MARQUEE,|TANTRA|,"Foam Cups 1 per crew, 1 per pax +5 spare",NONE,120,0
596,Z74,MARQUEE,|TANTRA|,Ground Ginger,NONE,1,0
597,Z74,MARQUEE,|TANTRA|,Maple Syrup Sugar Free,NONE,1,0
598,Z74,MARQUEE,|TANTRA|,Measuring Jugs,NONE,2,0
599,Z74,MARQUEE,|TANTRA|,Sieve,NONE,2,0
600,Z74,MARQUEE,|TANTRA|,Vanilla Extract,NONE,1,0
601,Z75,MARQUEE,|TANTRA|,Golden Cord Thick,NONE,1,1
602,Z75,MARQUEE,|TANTRA|,Golden Cord Thin Spool,NONE,2,2
603,Z75,MARQUEE,|TANTRA|,Red Velvet Cover,NONE,1,1
604,Z76,MARQUEE,|TANTRA|,Massage Oil Dispensers,NONE,6,6
605,Z76,MARQUEE,|TANTRA|,Massage Oil,NONE,1,1
606,Z76,MARQUEE,|TANTRA|,Small Paper Boxes ,Same as RSQ Blue Pill,30,0
607,Z77,MARQUEE,|TANTRA|,Fairy Lights Battery Operated,NONE,20,13
608,Z77,MARQUEE,|TANTRA|,Lantern Mini Torches Battery Operated for Bell Tents,NONE,10,4
609,LH SHELVES,L/H,|TANTRA|,60 Pillows and Black Pillow Cases,NONE,60,60
610,LH SHELVES,L/H,|TANTRA|,Glamping Tent,NONE,5,5
611,LH SHELVES,L/H,|TANTRA|,Silver Fly inside tents,NONE,5,5
612,LH SHELVES,L/H,|TANTRA|,Tarp (Use under Tents),NONE,2,2
613,CONTAINER SHELVES,CONTAINER,|TANTRA|,Glamping Tent suitable for Crew,NONE,2,2
614,CONTAINER SHELVES,CONTAINER,|TANTRA|,Synthetic Grass,NONE,6,6
615,CONTAINER SHELVES,CONTAINER,|TANTRA|,Black Rubber Mats (2 per tent entrance),NONE,10,10
616,CONTAINER SHELVES,CONTAINER,|TANTRA|,Silver Fly,NONE,2,2
617,CONTAINER SHELVES,CONTAINER,|TANTRA|,Spare Tent Pegs Black Bucket,NONE,1,1
618,CONTAINER SHELVES,CONTAINER,|TANTRA|,Carpet,NONE,4,4
619,K1,LHS Vanity/Showers,|NEEDED|,Co-Enzyme Pink,NONE,1,1
620,K1,LHS Vanity/Showers,|NEEDED|,Co-Enzime White,NONE,1,1
621,K1,LHS Vanity/Showers,|NEEDED|,Sauce Squeeze Bottle 1 Ltr Incl Lid,NONE,1,1
622,K1,LHS Vanity/Showers,|NEEDED|,Spray Bottle,NONE,1,1
623,K2,LHS Vanity/Showers,|NEEDED|,Chux Roll,NONE,1,1
624,K2,LHS Vanity/Showers,|NEEDED|,Gloves disposalble,NONE,2,1
625,K2,LHS Vanity/Showers,|NEEDED|,Disinfectant Spray Bottle - SINKS ONLY,NONE,1,1
626,K2,LHS Vanity/Showers,|NEEDED|,Dustpan & Brush,NONE,1,1
627,K2,LHS Vanity/Showers,|NEEDED|,Gargage Bin liners Rolls Small 15ltr,NONE,1,1
628,K2,LHS Vanity/Showers,|NEEDED|,Gargage Bin liners Rolls Small 27ltr,NONE,1,1
629,K2,LHS Vanity/Showers,|NEEDED|,Jiff Cream cleanser,NONE,2,2
630,K2,LHS Vanity/Showers,|NEEDED|,Toilet Paper Rolls Pk of 24,NONE,24,24
631,K2,LHS Vanity/Showers,|NEEDED|,Paper Hand Towels 23 x 23.5 cm Eclipse Brand,NONE,8,8
632,K2,LHS Vanity/Showers,|NEEDED|,Tissues Box Sml,NONE,4,4
633,K2,LHS Vanity/Showers,|NEEDED|,Foaming Handwash Pump - Refill,NONE,1,1
634,K2,LHS Vanity/Showers,|NEEDED|,Foaming Handwash Pump,NONE,6,6
635,K3,Kitchen Metal shelves,|NEEDED|,Laundry Bag Blue,NONE,1,1
636,KITCHEN,Kitchen Metal shelves,|NEEDED|,Tea Towel,NONE,40,40
637,KITCHEN,Kitchen Metal shelves,|NEEDED|,"Black Towels (Cover Plates, Bowls etc)",Cover for Plates Bowls etc,5,5
638,KITCHEN,Kitchen On top of Fridge ,|NEEDED|,Disposable Foil Oven Trays- Large,NONE,10,2
639,KITCHEN,Kitchen On top of Fridge ,|NEEDED|,Disposable Foil Oven Trays- Medium,NONE,10,5
640,KITCHEN,Under Sink,|NEEDED|,Large Yellow Sponge Packet,NONE,2,0
641,KITCHEN,Under Sink,|NEEDED|,Chux Roll,NONE,1,1
642,KITCHEN,Under Sink,|NEEDED|,Scourer Metal,NONE,2,2
643,KITCHEN,Under Sink,|NEEDED|,Scrubbing Brush,NONE,1,1
644,KITCHEN,Under Sink,|NEEDED|,Morning Fresh Detergent,NONE,1,0
645,KITCHEN,Under Sink,|NEEDED|,Hand Wash Foaming Soap REFILL,NONE,1,1
646,KITCHEN,Under Sink,|NEEDED|,Bleach Domestos Type,NONE,1,1
647,KITCHEN,Under Sink,|NEEDED|,Jiff,NONE,1,1
648,KITCHEN,Under Sink,|NEEDED|,Eucalyptus Oil,NONE,1,1
649,KITCHEN,Under Sink,|NEEDED|,White Vinegar,NONE,1,1
650,KITCHEN,White Cupboard,|NEEDED|,Baking Soda,NONE,1,0
651,KITCHEN,White Cupboard,|NEEDED|,Mocconna Coffee Jar 400gm,NONE,4,2
652,KITCHEN,White Cupboard,|NEEDED|,Black Tea Bags,NONE,80,60
653,KITCHEN,White Cupboard,|NEEDED|,Peppermint Tea,NONE,60,50
654,KITCHEN,White Cupboard,|NEEDED|,Honey Squeezable Bottle,NONE,6,1
655,KITCHEN,White Cupboard,|NEEDED|,Peanut Butter,NONE,6,4
656,KITCHEN,White Cupboard,|NEEDED|,Jam Strawberry,NONE,6,2
657,KITCHEN,White Cupboard,|NEEDED|,Salt Shaker,NONE,1,1
658,KITCHEN,White Cupboard,|NEEDED|,Pepper Shaker,NONE,1,1
659,KITCHEN,White Cupboard,|NEEDED|,Apple Cider Vinear,NONE,1,0
660,KITCHEN,White Cupboard,|NEEDED|,Olive Oil,NONE,2,1
661,KITCHEN,White Cupboard,|NEEDED|,Tomato Sauce,NONE,6,2
662,KITCHEN,White Cupboard,|NEEDED|,Almond Milk Longlife,NONE,8,0
663,KITCHEN,White Cupboard,|NEEDED|,Full Cream Longlife,NONE,8,2
664,KITCHEN,White Cupboard,|NEEDED|,Thick Black Tea Towels,NONE,6,6
665,KITCHEN,White Cupboard,|NEEDED|,Lazy Susan,NONE,6,6
666,KITCHEN,Kitchen Metal shelves,|NEEDED|,Toaster Gluten Free,NONE,1,1
667,KITCHEN,Kitchen Metal shelves,|NEEDED|,Shoo Away,NONE,4,4
668,WASH ROOM,Under Sink,|NEEDED|,Smaller Aspire Paper Towels,NONE,6,6
669,KITCHEN,Kitchen Metal shelves,|NEEDED|,Cutlery Holders,NONE,8,8
670,KITCHEN,Kitchen Metal shelves,|NEEDED|,Small Moulded Table for drying dishes,NONE,1,1
671,KITCHEN,Kitchen Metal shelves,|NEEDED|,Empty Dryng Racks,NONE,3,3
672,KITCHEN,Under Sink,|NEEDED|,Morning Fresh Detergent,NONE,1,1
673,KITCHEN,Under Sink,|NEEDED|,"Sponge, Scourer, Dish Brush",NONE,1,1
674,KITCHEN,Under Sink,|NEEDED|,Foam Pump Soap Dispenser,NONE,1,1
675,KITCHEN,Under Sink,|NEEDED|,Rubbish Bin Paper Towels ONLY,NONE,8,8
676,TOP SHED,FIRE TEAM STOREAGE,|INACTIVE|,Concrete Slabs 600mm Square,NONE,4,4
677,BREEZEWAY,FIRE TEAM STOREAGE,|INACTIVE|,Heater Box Legs Insulating 'C' Channel Sections,NONE,2,2
678,BREEZEWAY,FIRE TEAM STOREAGE,|INACTIVE|,Metal Collar Small Grey Steel Donut Ring,NONE,1,1
679,BREEZEWAY,FIRE TEAM STOREAGE,|INACTIVE|,Metal Insulated Ring,NONE,1,1
680,BREEZEWAY,FIRE TEAM STOREAGE,|INACTIVE|,Sweat Chimney 3 Sections inside each other,NONE,1,1
681,BREEZEWAY,FIRE TEAM STOREAGE,|INACTIVE|,Sweat Floor Green Tarp Circular cut to size,NONE,1,1
682,TOP SHED,FIRE TEAM STOREAGE,|INACTIVE|,Sweat Heater Box Sml,For Portable Sweat,1,1
683,SWEAT,FIRE TEAM STOREAGE,|NEEDED|,Sweat Heater Box Med,Sweat Lodge Heater Smaller of 2,1,1
684,SWEAT,FIRE TEAM STOREAGE,|NEEDED|,Sweat Heater Box Lge,Sweat Lodge Heater Biggest of 2,1,1
685,TOP SHED,FIRE TEAM STOREAGE,|INACTIVE|,Portable Sweat Lodge,"Frame Sections (Cnr fittings, pipes, screws, plastic shielding) - Flooring - Insulated Cover .",1,1
686,UNKNOWN,FIRE TEAM STOREAGE,|NEEDED|,Black Rope Circle,NONE,5,5
687,UNKNOWN,MARQUEE,|NEEDED|,Chinese Bells,NONE,1,1
688,UNKNOWN,MARQUEE,|NEEDED|,Spare Equipment Storage Box,NONE,2,2
689,MT3,MARQUEE,|MT|,Assorted Leathers,NONE,2,2
690,MT26,MARQUEE,|MT|,Assorted Leathers,NONE,2,2
691,MT4,MARQUEE,|MT|,Assorted Glass Candle Holders Sml,NONE,33,33
692,UNKNOWN,MARQUEE,|MT|,Assorted Glass Candle Holders Lge,NONE,16,16
693,MT5,MARQUEE,|MT|,Assorted Black and White Calico Off-Cuts,NONE,1,1
694,MT6,MARQUEE,|MT|,Black Single Bed Fitted Sheet,NONE,12,12
695,MT7,MARQUEE,|MT|,Long Black Cutain on Rope,NONE,1,1
696,UNKNOWN,MARQUEE,|MT|,Small Black Curtain,NONE,1,1
697,MT8,MARQUEE,|MT|,Medium Mirrors,NONE,10,10
698,MT9,MARQUEE,|MT|,Black Velour Backdrop Curtain,NONE,1,1
699,MT10,MARQUEE,|MT|,Towels,NONE,1,1
700,MT11,MARQUEE,|MT|,Towels,NONE,1,0
701,MT12,MARQUEE,|MT|,OLD Props Assorted,NONE,1,1
702,MT13,MARQUEE,|MT|,OLD Props Assorted,NONE,1,1
703,MT14,MARQUEE,|MT|,White Blind Folds,NONE,60,60
704,UNKNOWN,MARQUEE,|MT|,Long Section Cut Off Roll,Loose Pack Stored on Top Shelf of Shelving Racks RSQ Section,1,1
705,MT15,MARQUEE,|MT|,White Calico Sheets,NONE,17,17
706,MT16,MARQUEE,|MT|,White Calico Sheets,NONE,34,34
707,MT17,MARQUEE,|MT|,Black Sheets,NONE,18,18
708,MT18,MARQUEE,|MT|,Brass Bowls & Racks,NONE,12,12
709,MT19,MARQUEE,|REAL1|,Archetypes Demo Box,NONE,1,1
710,MT19,MARQUEE,|REAL1|,Bent Magician Wand,NONE,1,1
711,MT19,MARQUEE,|REAL1|,Gold Crown,NONE,1,1
712,MT19,MARQUEE,|REAL1|,Pink Slime,NONE,1,1
713,MT19,MARQUEE,|REAL1|,Plastic Sword,NONE,1,1
714,MT19,MARQUEE,|REAL1|,Rubber Sword,NONE,1,1
715,MT19,MARQUEE,|REAL1|,Straight Magician Wand,NONE,1,1
716,MT19,MARQUEE,|REAL1|,Wooden Hearts,NONE,4,4
717,MT20,TOP SHED,|MT|,Black Ropes(Sweat) Large,NONE,2,2
718,MT20,TOP SHED,|MT|,Black Ropes(Sweat) Small,NONE,11,11
719,TOP SHED,TOP SHED,|MT|,Boxes of Fairy Lights Coloured,NONE,2,2
720,TOP SHED,TOP SHED,|MT|,Disco Ball,NONE,1,1
721,MT25,MARQUEE,|MT|,White China/Ceramic Bowls,NONE,33,33
722,MT21,MARQUEE,|MT|,Real Sequence Box,NONE,1,1
723,MT21,MARQUEE,|MT|,Large Cage,NONE,1,1
724,MT21,MARQUEE,|MT|,Small Cage,NONE,1,1
725,MT21,MARQUEE,|MT|,Golden Ball,NONE,1,1
726,MT21,MARQUEE,|MT|,Golden Key (Real Woman 2),NONE,1,1
727,MT21,MARQUEE,|MT|,Golden Key (Real Man 2),NONE,1,1
728,MT21,MARQUEE,|MT|,Large Marble,NONE,1,1
729,MT21,MARQUEE,|MT|,Stainless Steel Rings With Black Tie Wire,NONE,2,2
730,MT21,MARQUEE,|MT|,White Wooden Heart in box,NONE,1,1
731,MT21,MARQUEE,|MT|,Laminated Signs,NONE,0,0
732,MT21,MARQUEE,|MT|,Wooden Unaffected Mask,NONE,1,1
733,MT22,MARQUEE,|MT|,Babecue Gas Lighter,NONE,1,1
734,MT22,MARQUEE,|MT|,BBQ Firelighter,NONE,1,1
735,MT22,MARQUEE,|MT|,Box of 12 Tealight Candles,NONE,1,1
736,MT22,MARQUEE,|MT|,Box with Brass Wind Chimes / Bells,NONE,1,1
737,MT22,MARQUEE,|MT|,Brass Singing Bowl Incl Siilicone rub,NONE,1,1
738,MT22,MARQUEE,|MT|,Maracca,NONE,1,1
739,MT22,MARQUEE,|MT|,Music Instrument Striker,NONE,1,1
740,MT22,MARQUEE,|MT|,Pheasant Wing (Feathers),NONE,1,1
741,MT22,MARQUEE,|MT|,"Polystyrene Box (Incense, etc.)",NONE,1,1
742,MT22,MARQUEE,|MT|,Refill Bottle of Rosewater,NONE,1,1
743,MT22,MARQUEE,|MT|,Semi-transparent Green/Blue/Black/Brown Nylon Scarf,NONE,1,1
744,MT22,MARQUEE,|MT|,Singing Bowl Wooden Striker,NONE,1,1
745,MT22,MARQUEE,|MT|,Skin Rattle (with Feather decorations),NONE,1,1
746,MT22,MARQUEE,|MT|,Small Bracelet of Beads (red),NONE,1,1
747,MT22,MARQUEE,|MT|,Small Brass (Fish decoration) Incense Bowl,NONE,1,1
748,MT22,MARQUEE,|MT|,Small Rosewater Spray Bottle,NONE,1,1
749,MT22,MARQUEE,|MT|,Vibratone Tube (Black),NONE,1,1
750,MT22,MARQUEE,|MT|,Xylophone (Chime Bar) (x1 Note),NONE,1,1
751,MT22,MARQUEE,|MT|,Xylophone (Chime Bar) (x8 Notes),NONE,1,1
752,MT23,MARQUEE,|MT|,Facilitation Large Black Curtain,NONE,1,1
753,MT24,MARQUEE,|MT|,Green Rechargeable Lanterns,NONE,6,6
754,MT27,MARQUEE,|MT|,Tea Light Candles 10 hr,NONE,140,140
755,PLASTIC DRAWERS,MARQUEE,|MT|,Dripless Candles,Boxes of 20,43,0
756,LH SHELVES,Luggage Hut,|LH|,Aeroguard Personal insect spray repellant,NONE,6,6
757,LH SHELVES,Luggage Hut,|LH|,Baby Wipes 80 sheets (Aldi) Box 4pks,NONE,4,6
758,LH SHELVES,Luggage Hut,|LH|,BBQ Lighters Bic Brand,NONE,12,1
759,LH SHELVES,Luggage Hut,|LH|,Bin Liner Council Wheelie 240 Ltr (Pkts of 10),NONE,1,1
760,LH SHELVES,Luggage Hut,|LH|,Bin liners Rolls Small 27ltr,NONE,4,1
761,LH SHELVES,Luggage Hut,|LH|,Bin Liners White 35 Ltr (Rolls of 60),NONE,4,3
762,LH SHELVES,Luggage Hut,|LH|,Bin Liners Black 56 Ltr (Rolls of 20),NONE,2,1
763,LH SHELVES,Luggage Hut,|LH|,Bin Liners Mini Wheelie 140 Ltr (Pkts of 10),NONE,12,12
764,LH SHELVES,Luggage Hut,|LH|,Bin Liners Sanitary 12 Ltr 46cm x 50cm (Roll of 40),NONE,6,6
765,LH SHELVES,Luggage Hut,|LH|,Grey Rubbish Bins,for Marquee inside Space,6,3
766,LH SHELVES,Luggage Hut,|LH|,Bins Sanitary (Women Only) 5 Litr Flip Top Lids,NONE,3,3
767,LH SHELVES,Luggage Hut,|LH|,Bleach (Domestos Type),NONE,1,0
768,LH SHELVES,Luggage Hut,|LH|,Bug Bombs Mortien,NONE,6,9
769,LH SHELVES,Luggage Hut,|LH|,Bug Off 150g tins,NONE,2,2
770,LH SHELVES,Luggage Hut,|LH|,Bug Spray Large Tin,NONE,1,0
771,LH SHELVES,Luggage Hut,|LH|,Chux Original Superwipes Rolls (60 pack) 50 x 22 cm,NONE,0,0
772,LH SHELVES,Luggage Hut,|LH|,Chux Roll,NONE,4,1
773,LH SHELVES,Luggage Hut,|LH|,Dishmatic Pot Scrubber Handles,NONE,2,1
774,LH SHELVES,Luggage Hut,|LH|,Dishmatic Pot Srubber replacement sponges 6pk,NONE,3,0
775,LH SHELVES,Luggage Hut,|LH|,Disinfectant Strike Surface Spray 300g,NONE,2,0
776,LH SHELVES,Luggage Hut,|LH|,Disinfectant 2lt,NONE,2,2
777,LH SHELVES,Luggage Hut,|LH|,Disinfectant Pino Clean 1.25lts,NONE,3,3
778,LH SHELVES,Luggage Hut,|LH|,Drain Clean Liquid Enzyme 1ltr,NONE,1,1
779,LH SHELVES,Luggage Hut,|LH|,Eucaluptus Oil Water Soluble 500ml,NONE,2,1
780,LH SHELVES,Luggage Hut,|LH|,Eucalyptus Oil 200ml,NONE,1,1
781,LH SHELVES,Luggage Hut,|LH|,Febreze 370ml,NONE,6,6
782,LH SHELVES,Luggage Hut,|LH|,Flipchart Marker Black,NONE,4,4
783,LH SHELVES,Luggage Hut,|LH|,Flipchart Marker Blue,NONE,4,4
784,LH SHELVES,Luggage Hut,|LH|,Flipchart Marker Green,NONE,4,6
785,LH SHELVES,Luggage Hut,|LH|,Flipchart Marker Red,NONE,4,6
786,LH SHELVES,Luggage Hut,|LH|,Gaffa Tape Black,NONE,6,3
787,LH SHELVES,Luggage Hut,|LH|,Gladwrap,NONE,1,1
788,LH SHELVES,Luggage Hut,|LH|,Gloves Food handling 100box,NONE,2,1
789,LH SHELVES,Luggage Hut,|LH|,Gloves Latex Black Lge Box of 100's Lge,NONE,4,1
790,LH SHELVES,Luggage Hut,|LH|,Grey Space Rubbish Bins,NONE,2,2
791,LH SHELVES,Luggage Hut,|LH|,Hand Sanitzer Dispenser,NONE,5,4
792,LH SHELVES,Luggage Hut,|LH|,Hand wash Pumps Foaming,NONE,4,4
793,LH SHELVES,Luggage Hut,|LH|,Hand wash Pumps Foaming Refill 500ml,NONE,4,2
794,LH SHELVES,Luggage Hut,|LH|,Hippo Moisture Absorber,NONE,8,7
795,LH SHELVES,Luggage Hut,|LH|,Jif Cream Cleanser,NONE,2,1
796,LH SHELVES,Luggage Hut,|LH|,Macadamia Oil 500ml,NONE,2,0
797,LH SHELVES,Luggage Hut,|LH|,Morning Fresh 900ml,NONE,6,1
798,LH SHELVES,Luggage Hut,|LH|,Mozzie Coils 30 Pack Tins,NONE,10,10
799,LH SHELVES,Luggage Hut,|LH|,Orange Power Spray,NONE,1,1
800,LH SHELVES,Luggage Hut,|LH|,Paper Cups -10pk,Re-arrange Process Real 1,1,1
801,LH SHELVES,Luggage Hut,|LH|,Paper Hand Towels 23 x 23.5 cm Eclipse (Box 0f 16),NONE,2,2
802,LH SHELVES,Luggage Hut,|LH|,Paper Hand Towels SMALL Lena get size. 23 x 23.5 cm Eclipse (Box 0f 16),NONE,2,0
803,LH SHELVES,Luggage Hut,|LH|,Paper Towels 2pk,NONE,2,1
804,LH SHELVES,Luggage Hut,|LH|,Participant Personal care Packs,NONE,2,2
805,LH SHELVES,Luggage Hut,|LH|,Personal - Body Wash 1lts,NONE,1,1
806,LH SHELVES,Luggage Hut,|LH|,Personal- Hair Conditioner Emergency spares,NONE,1,1
807,LH SHELVES,Luggage Hut,|LH|,Personal- Hair Shampoo Emergency spares,NONE,1,1
808,LH SHELVES,Luggage Hut,|LH|,Pillows Incl Black Pillow Cases Fitted,NONE,60,60
809,LH SHELVES,Luggage Hut,|LH|,Sage Sticks Lge,NONE,4,0
810,LH SHELVES,Luggage Hut,|LH|,Sage Sticks Medium,NONE,4,0
811,LH SHELVES,Luggage Hut,|LH|,Samba Fire Lighters 32 pk,NONE,10,1
812,LH SHELVES,Luggage Hut,|LH|,Saw Dust Bags,NONE,4,2
813,LH SHELVES,Luggage Hut,|LH|,Stainless Steel / Silver Ritual Bowls Sml,NONE,7,7
814,LH SHELVES,Luggage Hut,|LH|,Sponge Jumbo Thick 3pk Yellow,NONE,3,1
815,LH SHELVES,Luggage Hut,|LH|,Sponge Scourers (Pack of 3) Combination Heavy Duty,NONE,2,0
816,LH SHELVES,Luggage Hut,|LH|,Sponge Scourers (Pack of 6) Combination,NONE,3,1
817,LH SHELVES,Luggage Hut,|LH|,Sponge Scourer METAL HEAVY DUTY 2 Pack,NONE,1,0
818,LH SHELVES,Luggage Hut,|LH|,Sponge Scourers (Pack of 6) Scotch blue,NONE,2,1
819,LH SHELVES,Luggage Hut,|LH|,Spray Bottle Empty,NONE,10,10
820,LH SHELVES,Luggage Hut,|LH|,Tissues Eclipse Brand 100's (Carton of 48),NONE,2,1
821,LH SHELVES,Luggage Hut,|LH|,Toilet Paper Rolls (Pack 24 Quilton 3 Ply),NONE,4,1
822,LH SHELVES,Luggage Hut,|LH|,Tooth brushes,NONE,6,15
823,LH SHELVES,Luggage Hut,|LH|,Aquarius Brand Hand Towel Dispenser,NONE,0,0
824,LH SHELVES,Luggage Hut,|LH|,Carpet Roll 10 Mtr Long x 3.6 Mtr Wide,NONE,3,3
825,LH SHELVES,Luggage Hut,|LH|,Esky 25 Ltr 5 Day Cooler,NONE,1,1
826,LH SHELVES,Luggage Hut,|LH|,Gas Radiator Heaters 1500mm High Round Stumpy,NONE,2,2
827,LH SHELVES,Luggage Hut,|LH|,Gas Radiator Heaters 1500mm High Square,NONE,1,1
828,LH SHELVES,Luggage Hut,|LH|,Gas Radiator Heaters 2 Mtr High Round,NONE,7,7
829,LH SHELVES,Luggage Hut,|LH|,Gauntlet Carpet,NONE,1,1
830,LH SHELVES,Luggage Hut,|LH|,Party Carpet small,NONE,1,1
831,LH SHELVES,Luggage Hut,|LH|,Pedestal Fans Black With Remote,Often kept on Music Desk,4,4
832,LH SHELVES,Luggage Hut,|LH|,Pool Noodles 1500mm,NONE,3,3
833,LH SHELVES,Luggage Hut,|LH|,Swimming Pools,NONE,2,2
834,LH SHELVES,Luggage Hut,|LH|,Tables Moulded 1800mm,NONE,3,3
835,LH SHELVES,Luggage Hut,|LH|,Tables Moulded 2400 folding,NONE,6,4
836,LH SHELVES,Luggage Hut,|LH|,Tables Moulded Small folding,NONE,1,1
837,LH SHELVES,Luggage Hut,|LH|,Tunnel Of Turbulence (Combined 3 in One),NONE,1,1
838,LH SHELVES,Luggage Hut,|LH|,White Plastic Chairs Stackable,NONE,16,16