RowID,ItemID,BoxNumber,ItemName,StorageLocation,EventTags,Description,SpecificItemNotesForCrew,QtyReqd,StockOnHand,CountConfirmed,OrderStock,RestockComments
1,,AV 1,,OFFICE,|RCP||RLD|,Music Desk Skirt,,1,1,,0,
2,,OFFICE,,OFFICE,|RCP||RLD|,Music Desk Tablecloth,,1,1,,0,
3,,OFFICE,,OFFICE,|RCP||RLD|,Music Desk Skirt Clips,,12,12,,0,
4,,LOOSE,,UNKNOWN,|INACTIVE|,Exit Sign Cover,,1,1,,0,
5,,AV 2,,CONTAINER,|INACTIVE|,Dimmer Lights (in cardboard boxes),,4,4,,0,
6,,AV 2,,CONTAINER,|INACTIVE|,Dimmer Control Box,,1,1,,0,
7,,AV 2,,CONTAINER,|INACTIVE|,Spare Dimmer Globes - Bayonette 42W Dimmable,,6,6,,0,
8,,AV 3,,MARQUEE,|NEEDED|,CABLES:,,,,,0,
9,,AV 3,,MARQUEE,|NEEDED|,Speaker Cable,,2,2,,0,
10,,AV 3,,MARQUEE,|NEEDED|,HARD BLACK PLASTIC Audiohub Box:,,,,,0,
11,,AV 3,,MARQUEE,|NEEDED|,Audiohub Digital Audio Sound Card,,1,1,,0,
12,,AV 3,,MARQUEE,|NEEDED|,Audiohub Power Supply Output 12Volt 2A,,1,1,,0,
13,,AV 3,,MARQUEE,|NEEDED|,USB-A to USB-B Cable,,1,1,,0,
14,,AV 3,,MARQUEE,|NEEDED|,POWER BOARD: (8-Socket/Black),,1,1,,0,
15,,AV 3,,MARQUEE,|NEEDED|,2 Mtr Piggy-back (Black) Extension Cable,,1,1,,0,
16,,AV 3,,MARQUEE,|NEEDED|,5 Mtr Piggy-back (Black) Extension Cable,,1,1,,0,
17,,AV 3,,MARQUEE,|NEEDED|,IEC-13 Speaker Power Cables (D-Shaped Plug),,2,2,,0,
18,,AV 3,,MARQUEE,|NEEDED|,,,,,,0,
18,,AV 3,,MARQUEE,|NEEDED|,2 Mtr Male XLR to TS 6.5mm Jack,AUDIOHUB TO MIXER CABLES:,2,2,,0,
19,,AV 3,,MARQUEE,|NEEDED|,Organiser Container (Grey/Yellow w. Semi-clear Lid):,,1,1,,0,
20,,AV 3,,MARQUEE,|NEEDED|,Miscellaneous Adapters,,,,,0,
21,,AV 3,,MARQUEE,|NEEDED|,3.5mm Jack to 2x 6.5mm TS Jack (with Lightning to 3.5mm socket adapter),Auxiliary Input Cable (Option 1):,1,1,,0,
22,,AV 3,,MARQUEE,|NEEDED|,3.5mm Jack to RCA (Red/White),Auxiliary Input Cable (Option 2):,1,1,,0,
23,,AV 3,,MARQUEE,|NEEDED|,Box AA Batteries (each box = 24 batt),Clear Plastic Clip-lock Box:,2,2,,0,
24,,AV 3,,MARQUEE,|NEEDED|,AAA Batteries,Clear Plastic Clip-lock Box:,12,12,,0,
25,,LOOSE,,MARQUEE,|NEEDED|,RODE NT5 Microphone (cardboard box),ROOM MICROPHONE:,1,1,,0,
26,,AV 3,,MARQUEE,|NEEDED|,Gaffa Tape Black,,2,2,,0,
27,,AV 4,,MARQUEE,|NEEDED|,Cabled Keyboard,,1,1,,0,
28,,AV 4,,MARQUEE,|NEEDED|,Cabled Mouse,,1,1,,0,
29,,AV 4,,MARQUEE,|NEEDED|,Headphones Sennheiser HD280 Pro,,1,1,,0,
30,,AV 4,,MARQUEE,|NEEDED|,Headphones Sennheiser HD300,,2,1,,1,
31,,AV 4,,MARQUEE,|NEEDED|,3.5mm Socket to TRS 6.5mm Jack Adaptors,1 attached to Headphones / 1 left in Audiohub,2,2,,0,
32,,AV 15,,MARQUEE,|NEEDED|,Real Office Social Media Box:,,1,1,,0,
33,,AV 15,,MARQUEE,|NEEDED|,REAL Video iPhone Previous Recordings COPIED then Cleared,,1,1,,0,
34,,AV 15,,MARQUEE,|NEEDED|,iPhone Lightening to USB 'A' Cable,For iPhone 12 - Charge / Data Transfer Cable,1,1,,0,
35,,AV 15,,MARQUEE,|NEEDED|,iPhone Charger 240Volt Wall Plug to USB 'A',,1,1,,0,
36,,AV 15,,MARQUEE,|NEEDED|,Lightening Double Adapter (Apple / iPhone) ,with 3.5mm Audio Socket Cable Plugged in,1,1,,0,
37,,AV 15,,MARQUEE,|NEEDED|,3.5mm audio socket cable,(plugged into adapter),1,1,,0,
38,,AV 15,,MARQUEE,|NEEDED|,RODE Go Microphone Transmitter/Receiver Kits,,2,2,,0,
39,,AV 15,,MARQUEE,|NEEDED|,RODE Lapel MIC Kit - Lapel Mic with Cable and Fur Wind Cover IN Black Satchel),,1,1,,0,
40,,AV 15,,MARQUEE,|NEEDED|,RODE USB 'A' USB 'C' Charging Cables (Black),,4,4,,0,
41,,AV 15,,MARQUEE,|NEEDED|,Gorillapod Kit,,1,1,,0,
42,,AV 15,,MARQUEE,|NEEDED|,USB-Powered Music Desk Light,,1,1,,0,
43,,AV 15,,MARQUEE,|NEEDED|,iPad,,1,1,,0,
44,,AV 15,,MARQUEE,|NEEDED|,Camera Tripod,,1,1,,0,
45,,AV 4,,MARQUEE,|NEEDED|,HARD BLACK PLASTIC Soundblaster Box:,,1,1,,0,
46,,AV 4,,MARQUEE,|NEEDED|,Soundblaster External Sound Cards,,2,2,,0,
47,,AV 4,,MARQUEE,|NEEDED|,USB 'A' to USB 'Micro' (1 x coiled + 1 x straight),,2,2,,0,
48,,AV 4,,MARQUEE,|NEEDED|,6.5mm Jack to Jack 2 Mtr Cable (With 6.5mm to 3.5mm Adaptor),,1,1,,0,
49,,AV 4,,MARQUEE,|NEEDED|,10 Mtr RCA to RCA, With 2 x TS 6.5mm Jack Adapters,1,1,,0,
50,,AV 4,,MARQUEE,|NEEDED|,Bluetooth Slideshow Presenter Incl Dongle stored in end,AAA BATTERIES SEPARATE & REMOVED between events,1,1,,0,
51,,AV 4,,MARQUEE,|NEEDED|,AAA Batteries,,2,2,,0,
52,,AV 4,,MARQUEE,|NEEDED|,5 Mtr Extension Cable (for TV),,1,1,,0,
53,,AV 4,,MARQUEE,|NEEDED|,1.5 Mtr HDMI Cable,,1,1,,0,
54,,AV 4,,MARQUEE,|NEEDED|,15 Mtr HDMI Cable,,1,1,,0,
55,,AV 4,,MARQUEE,|NEEDED|,TV Remote,,1,1,,0,
56,,AV 4,,MARQUEE,|NEEDED|,TV Power Cable in with Screw Driver in Zip Lock Bag for TV,,1,1,,0,
57,,AV 4,,MARQUEE,|NEEDED|,Phillips Head Screw Driver + 4 Screws in Zip Lock Bag for TV,,8,8,,0,
58,,AV 4,,MARQUEE,|NEEDED|,Small plastic Component of TV Stand,,1,1,,0,
59,,AV 4,,MARQUEE,|NEEDED|,Samsung TV Stand 'Y' Shaped Legs,,1,1,,0,
60,,AV 4,,MARQUEE,|NEEDED|,Wireless HDMI Transmitter Reciever Sets With 2 Power supplies in each,,2,2,,0,
61,,AV 16,,Trailer,|NEEDED|,TV STAND,,,,,0,
62,,AV 16,,Trailer,|NEEDED|,TV Stand Cover (Black Sheet),,1,1,,0,
63,,AV 16,,Trailer,|NEEDED|,Black Plastic Fold Up Boxes,,3,3,,0,
64,,AV 16,,Trailer,|NEEDED|,Timber Slab,,1,1,,0,
65,,AV 5,,Trailer,|NEEDED|,"Samsung UHD 50"" with Lge TV Stand",,1,1,,0,
66,,AV 6,,Container,|NEEDED|,JBL Amplified Speaker with black protective cover,,1,1,,0,
67,,AV 7,,Container,|NEEDED|,JBL Amplified Speaker with black protective cover,,1,1,,0,
68,,AV 8,,Container,|NEEDED|,Microphone Box,,,,,0,
69,,AV 8,,Container,|NEEDED|,Microphone Receivers,,4,4,,0,
70,,AV 8,,Container,|NEEDED|,Handheld MICs,,2,2,,0,
71,,AV 8,,Container,|NEEDED|,Headset Transmitter Packs - AA BATTERIES REMOVED,,2,2,,0,
72,,AV 8,,Container,|NEEDED|,Clear boxes with headset mic replacement components,,2,2,,0,
73,,AV 8,,Container,|NEEDED|,Standard - Headset Microphone Original Thin Wire Style.,,,,,0,
74,,AV 8,,Container,|NEEDED|,Cardioid - Headset Microphone Black Plastic Frame Style,,,,,0,
75,,AV 8,,Container,|NEEDED|,Cardioid - Lapel Microphone,,,,,0,
76,,AV 9,,Container,|NEEDED|,Zoom Live Track L20 Mixer (packed with Power & USB-A to USB-B cables),,1,1,,0,
77,,LEADERSHIP BOX,,Leadership Box,|NEEDED|,Music Run Sheet,,1,1,,0,
78,,LEADERSHIP BOX,,Leadership Box,|NEEDED|,Dot Song Selection Lists,,2,2,,0,
79,,LEADERSHIP BOX,,Leadership Box,|NEEDED|,BLANK Participant Dot Recording Log,,1,1,,0,
80,,AV 3,,MARQUEE,|NEEDED|,240 Volt to IEC 13 Power Cable 2 Mtr ,JBL Speaker Power Lead,1,1,,0,
81,,AV 3,,MARQUEE,|NEEDED|,240 Volt to IEC 13 Power Cable 1 Mtr,JBL Speaker Power Lead,1,1,,0,
82,,AV 3,,MARQUEE,|NEEDED|,240Volt Extension Lead 2 Mtr (Black),,1,1,,0,
83,,AV 3,,MARQUEE,|NEEDED|,6 Socket Power Board (Black),,1,1,,0,
84,,AV 3,,MARQUEE,|NEEDED|,4 Socket Switched Power Board (Black),,1,1,,0,
85,,AV 3,,MARQUEE,|NEEDED|,10 Mtr Piggyback Extension Cord (Black),,1,1,,0,
86,,AV10,,MARQUEE,|NEEDED|,25 Mtr Male to Female XLR Mic/Speaker Cable,,1,1,,0,
87,,AV10,,MARQUEE,|NEEDED|,3 Mtr RCA to RCA Cable,,1,1,,0,
88,,AV10,,MARQUEE,|NEEDED|,5 Mtr RCA to RCA Cable,,1,1,,0,
89,,AV10,,MARQUEE,|NEEDED|,2 Mtr 3.5 mm Jack to RCA,,2,2,,0,
90,,AV10,,MARQUEE,|NEEDED|,1 Mtr 3.5 mm Jack to 2 x Male RCA Cable,,1,1,,0,
91,,AV10,,MARQUEE,|NEEDED|,2.5 Mtr 3.5 mm Jack 2x 6.5mm TS Jack Cables,,1,1,,0,
92,,AV 3,,MARQUEE,|NEEDED|,1 Mtr Male RCA to 6.5mm Jack Male TS Cable,,1,1,,0,
93,,AV 3,,MARQUEE,|NEEDED|,3 Mtr HDMI Cable,,2,2,,0,
94,,AV 3,,MARQUEE,|NEEDED|,1.5 Mtr HDMI Cable,,1,1,,0,
95,,AV 3,,MARQUEE,|NEEDED|,2 Mtr Female XLR to 6.5mm Jack Male TS Cable,,2,2,,0,
96,,AV 3,,MARQUEE,|NEEDED|,2 Mtr Male XLR to 6.5mm Male Jack Cable,,1,1,,0,
97,,AV 3,,MARQUEE,|NEEDED|,2 Mtr 6.5 mm to 6.5mm Jack Jack Cable,,6,6,,0,
98,,AV10,,MARQUEE,|NEEDED|,50cm 6.5mm Jack to Jack TS Patch Cable,,2,2,,0,
99,,AV10,,MARQUEE,|NEEDED|,1.5 Mtr Male to Female XLR Cable,,3,3,,0,
100,,AV10,,MARQUEE,|NEEDED|,5 Mtr Female XLR to 6.5mm Male Jack Cable,,1,1,,0,
101,,AV10,,MARQUEE,|NEEDED|,1 Mtr Male to Female USB-A Extension Cable,,1,1,,0,
102,,AV10,,MARQUEE,|NEEDED|,1.5 Mtr Male to Female USB-A Extension Cable,,1,1,,0,
103,,AV10,,MARQUEE,|NEEDED|,3 Mtr Male to Female USB-A Extension Cable,,1,1,,0,
104,,AV10,,MARQUEE,|NEEDED|,2mtr USB-A to USB-B Extension Cable,,1,1,,0,
105,,AV10,,MARQUEE,|NEEDED|,Microsoft Cabled Mouse,,1,1,,0,
106,,AV 15,,MARQUEE,|NEEDED|,240Volt Multiport White Power Ball Incl USB Charge Ports,,1,1,,0,
107,,AV 15,,MARQUEE,|NEEDED|,Selfie Sick,,1,1,,0,
108,,AV 3,,MARQUEE,|NEEDED|,Double Adaptor (White),,2,2,,0,
109,,AV 10,,MARQUEE,|NEEDED|,1 Mtr A/V Male to Male RCA Yellow Red White Cable,,1,1,,0,
110,,AV 15,,MARQUEE,|NEEDED|,Pivo Kit in Black Case with remote and charge Cable,,1,1,,0,
111,,AV 15,,MARQUEE,|NEEDED|,Pivo Smart mount in box,,1,1,,0,
112,,AV 15,,MARQUEE,|NEEDED|,Pivo Action Mount in box,,1,1,,0,
113,,AV17,,MARQUEE,|NEEDED|,Sennheisser e901 Microphone,,1,1,,0,
114,,AV 3,,MARQUEE,|NEEDED|,Modem with power cable,,1,1,,0,
115,,AV 3,,MARQUEE,|NEEDED|,Cable Ties,,2,2,,0,
116,,AV17,,MARQUEE,|NEEDED|,Grunt Strap Container Box,,1,1,,0,
117,,AV 3,,MARQUEE,|NEEDED|,Paint Brush set,,1,1,,0,
118,,AV 10,,MARQUEE,|NEEDED|,BACKUPS BOX,EXTRA AV GEAR,,,,0,
119,,AV 10,,MARQUEE,|NEEDED|,HDMI 30 Mtr Cable Boosted,,2,2,,0,
120,,AV10,,MARQUEE,|NEEDED|,Male XLR to TRS 6.5mm Male Jack Cable,,1,1,,0,
121,,AV10,,MARQUEE,|NEEDED|,10 Mtr Jack to Jack Male to Male 6.5mm TS to 6.5mm TS Cable,,2,2,,0,
122,,AV17,,MARQUEE,|NEEDED|,HDMI Switcher,,1,1,,0,
123,,AV10,,MARQUEE,|NEEDED|,6.5 TS to 6.5 TS Unballanced Cables (Red & Black),,2,2,,0,
124,,AV4,,CONTAINER,|NEEDED|,Black Heavy Duty Plastic Box,,1,1,,0,
125,,AV4,,CONTAINER,|NEEDED|,NUC Computer,,1,1,,0,
126,,AV4,,CONTAINER,|NEEDED|,NUC Labeled Power Block and Cable,,1,1,,0,
127,,AV4,,CONTAINER,|NEEDED|,Wireless Mouse,,1,1,,0,
128,,AV4,,CONTAINER,|NEEDED|,Wireless Keyboard,,1,1,,0,
129,,AV4,,CONTAINER,|NEEDED|,Wireless Dongle Black,Stored in front USB Port in NUC,1,1,,0,
130,,AV4,,CONTAINER,|NEEDED|,USB 'C' Hub,,1,1,,0,
131,,AV4,,CONTAINER,|NEEDED|,32 Gig Stick Windows Bootable Drive,KEEP SAFE,1,1,,0,
132,,AV4,,CONTAINER,|NEEDED|,32 Inch Gigabyte Curved Monitor,,1,1,,0,
133,,AV 5,,CONTAINER,|NEEDED|,TV Stand - Two Parts of Stand,,1,1,,0,
134,,AV4,,CONTAINER,|NEEDED|,240Volt to Right Angle 2 Pin Power Cable,,1,1,,0,
135,,AV13,,MARQUEE,|NEEDED|,Flood lights and stands,For Group Photos on Sunday night - Req's 1 X 5 Mtr Extension Lead with each,2,2,,0,
136,,AV20,,MARQUEE,|REAL2|,Surrender Spot Light Hung in Centre of Main Space,Switch is Behind Music Desk,1,1,,0,
137,,Fac 1,,CONTAINER,INACTIVE,Black Single Bed Fitted Sheet,,2,2,,0,
138,,Fac 1,,CONTAINER,INACTIVE,Large Towels in Good Condition,Source from Towels - MT10 in Marquee,3,3,,0,
139,,BREEZEWAY,,BREEZEWAY,INACTIVE,20 Ltr Container Square Opaque, Pre-filled for Waterlord Ritual,2,2,,0,
140,,BREEZEWAY,,BREEZEWAY,INACTIVE,BIC brand BBQ ligher,,1,1,,0,
141,,BREEZEWAY,,BREEZEWAY,INACTIVE,Empty Fibreglass Pond- Waterlord Ritual,,1,1,,0,
142,,BREEZEWAY,,BREEZEWAY,INACTIVE,Firewood,,1,1,,0,
143,,BREEZEWAY,,BREEZEWAY,INACTIVE,Flare Extinguisher Tin Long Handle,,2,2,,0,
144,,BREEZEWAY,,BREEZEWAY,INACTIVE,Flares Pre-Filled (12 flares per yellow box) - Spares if needed,,36,36,,0,
145,,BREEZEWAY,,BREEZEWAY,INACTIVE,Galvanised Flare Covers (Mini-Buckets),,40,40,,0,
146,,BREEZEWAY,,BREEZEWAY,INACTIVE,Kindling,,1,1,,0,
147,,BREEZEWAY,,BREEZEWAY,INACTIVE,Lite Blue Soft Foam Mats Place Around Sweat Fire Bot/Heater,,8,8,,0,
148,,BREEZEWAY,,BREEZEWAY,INACTIVE,Pkt 24 Samba Fire Lighters,,1,1,,0,
149,,BREEZEWAY,,BREEZEWAY,INACTIVE,Real Education Event Signs,,2,2,,0,
150,,BREEZEWAY,,BREEZEWAY,INACTIVE,Timber Staffs for INITIATION CIRCLE (Tied Together),,16,16,,0,
151,,BREEZEWAY,,BREEZEWAY,INACTIVE,Timber Staffs for SWEAT FIRE CIRCLE (Tied Together),,17,17,,0,
152,,BREEZEWAY,,BREEZEWAY,|NEEDED|,Fire Tarp,,2,2,,0,
153,,BREEZEWAY,,BREEZEWAY,|NEEDED|,Wheel Barrow - Steel,,2,2,,0,
154,,BREEZEWAY,,BREEZEWAY,|NEEDED|,Flares Pre-Filled (12 flares per yellow box),,2,2,,0,
155,,BREEZEWAY,,BREEZEWAY,|NEEDED|,Galvanised Flare Covers (Mini-Buckets),,24,12,,12,
156,,BREEZEWAY,,BREEZEWAY,|NEEDED|,20 LTR Jerry Can YELLOW, DIESEL ONLY - for Flare Refilling,1,1,,0,
157,,BREEZEWAY,,BREEZEWAY,|NEEDED|,Green Plastic Rakes,,3,3,,0,
158,,BREEZEWAY,,BREEZEWAY,|NEEDED|,Large Axe," 2 yellow, 1 orange",3,2,,1,
159,,BREEZEWAY,,BREEZEWAY,|NEEDED|,Block Splitter Yellow,,2,2,,0,
160,,BREEZEWAY,,BREEZEWAY,|NEEDED|,Small Square-Mouth Shovel Short Handle,,1,1,,0,
161,,BREEZEWAY,,BREEZEWAY,|NEEDED|,Plastic Watering Can **Use to refill Flares,,1,1,,0,
162,,BREEZEWAY,,BREEZEWAY,|NEEDED|,Plastic white bucket and black stive shovel,,1,1,,0,
163,,BREEZEWAY,,BREEZEWAY,|NEEDED|,10 Pot Flare Carrying Crate,,1,1,,0,
164,,BREEZEWAY,,BREEZEWAY,|NEEDED|,Dark Grey Soft Foam Mats- Waterlord,,0,0,,0,
165,,BREEZEWAY,,INSIDE SWEAT,|NEEDED|,Synthetic Grass Mats- Rolled,,2,2,,0,
166,,BREEZEWAY,,BREEZEWAY,|NEEDED|,Black Rubber Mats and Pegs,,4,4,,0,
167,,BREEZEWAY,,BREEZEWAY,|NEEDED|,10 Ltr Clay Bucket with Lid,Pre filled with Clay - Half Full - With Lids,4,4,,0,New buckets Bunnings
168,,BREEZEWAY,,OUTSIDE SWEAT,|NEEDED|,Creek Flares in concrete buckets,,3,3,,0,
169,,F1,,BREEZEWAY,|NEEDED|,Chux Roll,,1,1,,0,
170,,F1,,BREEZEWAY,|NEEDED|,Fire Starters Packet (x24 cubes) Little Lucifer,,4,4,,0,
171,,F1,,BREEZEWAY,|NEEDED|,BLACK Latex Free Rubber Gloves Container (Full),,2,2,,0,
172,,F1,,L/H,|NEEDED|,Mortein Bug Bombs,,2,2,,0,
173,,F1,,BREEZEWAY,|NEEDED|,Aeroguard Spray Cans,,1,1,,0,
174,,F1,,BREEZEWAY,|NEEDED|,Spare Wick,,1,1,,0,
175,,F1,,BREEZEWAY,|NEEDED|,Spare Copper Ring For Flares,,1,1,,0,
176,,F1,,BREEZEWAY,|NEEDED|,Eucalyptus Water Soluable 50ml,,1,1,,0,
177,,F1,,BREEZEWAY,|NEEDED|,Safety Glasses,,3,3,,0,
178,,F1,,BREEZEWAY,|NEEDED|,Dolphin Torches Checked as working,,1,1,,0,
179,,F1,,BREEZEWAY,|NEEDED|,Diesel Sauce Containers (Full) in yellow container,,3,3,,0,
180,,F2,,BREEZEWAY,|NEEDED|,Sweat Bucket,,2,2,,0,
181,,F2,,BREEZEWAY,|NEEDED|,Stainless Steele Ladle,,2,2,,0,
182,,F2,,BREEZEWAY,|NEEDED|,Heat Protection Gloves,,1,1,,0,
183,,F2,,BREEZEWAY,|NEEDED|,Pair black welding gloves (to load woood into Sweat stove),,1,1,,0,
184,,F2,,BREEZEWAY,|NEEDED|,500ml Soluble Eucalyptus Oil (back up for Sweat water mix),,1,1,,0,
185,,F2,,BREEZEWAY,|NEEDED|,Tea Light Candles Container (Full),,1,1,,0,
186,,F2,,BREEZEWAY,|NEEDED|,Dolphin Torches Checked as working,,2,2,,0,
187,,BREEZEWAY,,BREEZEWAY,|REAL2|,Extra Long Handle Wide Mouth Shovels,,2,2,,0,
188,,BREEZEWAY,,BREEZEWAY,|REAL2|,Long Handle wide mouth shovels,,2,2,,0,
189,,BREEZEWAY,,BREEZEWAY,|REAL2|,Metal Rakes,,2,2,,0,
190,,BREEZEWAY,,BREEZEWAY,|REAL2|,20 Ltr Container- Round White, Bucket of Charcoal for Fire Walk - Lane Base,4,4,,0,
191,,BREEZEWAY,,BREEZEWAY,|REAL2|,10 Ltr White Bucket,Charcoal crushed- Phoneinx Rising,1,1,,0,
192,,BREEZEWAY,,BREEZEWAY,|REAL2|,Small green synthetic grass mats For Fire Walk,,4,4,,0,
193,,TOP SHED,,TOP SHED,|REAL2|,"Gauntlet Lane Kit 2 x 15Mtr black straps, 2 x Ratchets plus 2 x mats.",Box is stored on shelves with other straps.,1,1,,0,
194,,BREEZEWAY,,BREEZEWAY,|RSQ|,Yellow tub with Citronella filled Flares and tin covers,,6,6,,0,
195,,BREEZEWAY,,BREEZEWAY,|RSQ|,Hell Fire Trays- Metal,Stored in Blue Barrel - PRE-PACK with OLD TOWELS,14,14,,0,
196,,BREEZEWAY,,BREEZEWAY,|RSQ|,Sauce Bottles 1Ltr Incl Lid - with Petrol/Diesel Premixed,Petrol/Diesel Premixed,3,3,,0,
197,,BREEZEWAY,,TOP SHED,|TANTRA|,Sweat Tarp Circular - Cut to Size,,1,1,,0,
198,,UNKNOWN,,MARQUEE,|TANTRA|,Blue Plastic Footbaths,,2,2,,0,
199,,CONTAINER,,CONTAINER,|REAL1|,Big Drum,,1,1,,0,
200,,R1,,MARQUEE,|REAL1|,Brass Ornamental Dishes (Large),,4,4,,0,
201,,R1,,MARQUEE,|REAL1|,Brown Suede Podium Cloth Sealed In Clip Lock Bag,,1,1,,0,
202,,R1,,MARQUEE,|REAL1|,Clay - Container Makeup With Green Lid,for Makeup,1,1,,0,
203,,R1,,MARQUEE,|REAL1|,Eucalyptus Oil 250ml,,1,0,,1,
204,,R1,,MARQUEE,|REAL1|,Gas BBQ Lighter Bic Brand ONLY,,2,2,,0,
205,,R1,,MARQUEE,|REAL1|,Half Masks (cut to shape),,8,7,,1,
206,,R1,,MARQUEE,|REAL1|,Half Masks (whole),,9,8,,1,
207,,R1,,MARQUEE,|REAL1|,Macadamia Oil 200ml Pump Bottle,,1,1,,0,
208,,R1,,MARQUEE,|REAL1|,Sage Brass Pot with Handle,,1,1,,0,
209,,R1,,MARQUEE,|REAL1|,Sage Smudge Sticks,,2,1,,1,
210,,R1,,MARQUEE,|REAL1|,Shaker Maracca (for Sweat),,1,1,,0,
211,,R1,,MARQUEE,|REAL1|,Charcoal - Plastic Container with Green Lid ,for Makeup,1,1,,0,
212,,R1,,MARQUEE,|REAL1|,Stainless Steel Bowls (Large),,4,4,,0,
213,,R1,,MARQUEE,|REAL1|,Stainless Steel Bowls (Small) Goblet Style,,6,6,,0,
214,,R1,,MARQUEE,|REAL1|,White Ceramic Bowls small in clip lock bag,,2,2,,0,
215,,R1,,MARQUEE,|REAL1|,Feather Sage Stick,,2,2,,0,
216,,R1,,MARQUEE,|REAL1|,Ritual Jewellery Bag,,1,1,,0,
217,,R2,,CONTAINER,|REAL1|,Buffalo Drums (Large) with Beaters,,3,3,,0,
218,,R3,,CONTAINER,|REAL1|,Light & Shadow Box Incl 1 Black + 1 White Sheet for Initiation Ceremony,,1,1,,0,
219,,R3,,MARQUEE,|REAL1|,Aeroguard,,1,1,,0,
220,,R3,,MARQUEE,|REAL1|,Half Mask,,1,1,,0,
221,,R3,,MARQUEE,|REAL1|,White Cotton Sheet,,1,1,,0,
222,,R4,,CONTAINER,|REAL1|,Cow Bell & Stick,,1,1,,0,
223,,R4,,CONTAINER,|REAL1|,Maraccas,,16,16,,0,
224,,R4,,CONTAINER,|REAL1|,Spare Drum Sticks,,2,2,,0,
225,,R4,,CONTAINER,|REAL1|,Tamborines,,9,9,,0,
226,,R5,,CONTAINER,|REAL1|,Queen/King Ritual Flares (Silver Hand Held),,5,4,,1,
227,,R5,,CONTAINER,|REAL1|,BBQ Gas Lighter BIC BRAND,,1,1,,0,
228,,R5,,CONTAINER,|REAL1|,Black Wooden Frame For Storing Flares on site,,1,1,,0,
229,,R5,,CONTAINER,|REAL1|,Black Gloves,,12,12,,0,
230,,R5,,MARQUEE,|REAL1|,Bollard Flare (Fuel Container and Wick ),,1,1,,0,
231,,R5,,MARQUEE,|REAL1|,Ritual Bollard Flame Extinguisher Can,,1,1,,0,
232,,R5,,CONTAINER,|REAL1|,Diesel Sauce Container (Full),,1,1,,0,
233,,R5,,MARQUEE,|REAL1|,Small Flare Extinguisher,,1,1,,0,
234,,R6,,CONTAINER,|REAL1|,Small Mirrors Mirror & Clay,,2,2,,0,
235,,R7,,CONTAINER,|REAL1|,Boxed Hand-Drums (Medium) with beaters,,19,19,,0,
236,,R7,,CONTAINER,|REAL1|,Boxed Hand-Drums (Small) with beaters,,4,4,,0,
237,,R8,,CONTAINER,|REAL1|,Big Drum Sticks,,4,4,,0,
238,,R?,,CONTAINER,|REAL1|,Clap Sticks,,50,50,,0,
239,,R?,,CONTAINER,|REAL1|,Drum Stands (Grey),,4,4,,0,
240,,R9,,CONTAINER,|REAL1|,Timber Pedastal,,1,1,,0,
241,,R15,,MARQUEE,|REAL2|,Golden Ball Stands Gold,,65,65,,0,
242,,R16,,MARQUEE,|REAL2|,Illuminated Golden Key Ball Tested & Working,,1,1,,0,
243,,R17,,MARQUEE,|REAL2|,Drill,,1,1,,0,
244,,R21,,MARQUEE,|REAL2|,Funnels Large Yellow Oval,,1,1,,0,
245,,R21,,MARQUEE,|REAL2|,Funnels Small Black,,1,1,,0,
246,,R21,,MARQUEE,|REAL2|,Funnels Small White,,3,3,,0,
247,,R21,,MARQUEE,|REAL2|,Mixer Head,,1,1,,0,
248,,R18,,MARQUEE,|REAL2|,1 Ltr Sorbolene Squeeze Bottles + Tops,,12,0,,12,
249,,R17,,MARQUEE,|REAL2|,10 Ltr Mixed Sorbolene Containers Opaque White,,1,1,,0,
250,,R19,,MARQUEE,|REAL2|,Arrow Break Kits - Safety Glasses x 3 + Leather Hand Guard x 1,Safety Glasses x 3 + Leather Hand Guard x 1 ,6,6,,0,
251,,R19,,MARQUEE,|REAL2|,Leather Hand Guard,1 per Kit,1,1,,0,
252,,R19,,MARQUEE,|REAL2|,Safety Glasses,3 Per Kit,3,3,,0,
253,,R19,,MARQUEE,|REAL2|,Grail with Lge Candle & 4 Tea Lights inserted,,1,1,,0,
254,,R20,,MARQUEE,|REAL2|,Sorbolene 1litre,OFFICE RE-SUPPLY,24,10,,14,
255,,R22,,MARQUEE,|REAL2|,10 Ltr Mixed Sorbolene Containers,,1,1,,0,
256,,R?,,MARQUEE,|REAL2|,20 Ltr White Container Round,For mixing sorbolene,1,1,,0,
257,,R23,,MARQUEE,|REAL2|,Grove Nets,,8,8,,0,
258,,R23,,MARQUEE,|REAL2|,"Padlocks and Key, black straps With Grove Net",,8,8,,0,
259,,R24,,MARQUEE,|REAL2|,Knighting Mats Box,,1,1,,0,
260,,R24,,MARQUEE,|REAL2|,Carpet Squares,,4,4,,0,
261,,R24,,MARQUEE,|REAL2|,Coconut Mats,,4,4,,0,
262,,R25,,MARQUEE,|REAL2|,Glass Tea Light Candle Holders Sml Med???,,96,100,,-4,
263,,R26,,MARQUEE,|REAL2|,Med.Yellow Tub,For Warm Sorbolene,1,1,,0,
264,,R27,,MARQUEE,|REAL2|,Small Yellow Tub,For Warm Sorbolene,1,1,,0,
265,,R35,,MARQUEE,|RSQ|,Purple Pedestal Cover,,1,1,,0,
266,,R36,,MARQUEE,|RSQ|,Big Crystal Ball,,1,1,,0,
267,,R37,,MARQUEE,|RSQ|,200ml Spray Bottle,,3,0,,3,
268,,R46,,MARQUEE,|RSQ|,Coconut Oil 330 ml,,1,1,,0,
269,,R46,,MARQUEE,|RSQ|,Eucalyptus Pure Oil 175ml,,1,1,,0,
270,,R46,,MARQUEE,|RSQ|,Lavender Oil Water Soluble 100ml,,5,7,,-2,
271,,R46,,MARQUEE,|RSQ|,Lavender Pure Essential Oil 50 ml,,2,3,,-1,
272,,R46,,MARQUEE,|RSQ|,Potpourri Bag,,10,10,,0,
273,,R46,,MARQUEE,|RSQ|,Rose hip Essential Oil 50 ml,,1,1,,0,
274,,R46,,MARQUEE,|RSQ|,Rose Hydrating Spritz 100ml,,1,1,,0,
275,,R46,,MARQUEE,|RSQ|,Shot Cups Paper,,50,59,,-9,
276,,R46,,MARQUEE,|RSQ|,Talcum Powder 200 gm,,2,7,,-5,
277,,R38 ,,MARQUEE,|RSQ|,Opaque Plastic Foot Baths,,8,8,,0,
278,,R39,,MARQUEE,|RSQ|,Stainless Steel Jugs,,7,7,,0,
279,,R42,,MARQUEE,|RSQ|,Stainless Steel Buckets,,4,4,,0,
280,,R41,,MARQUEE,|RSQ|,Glass Tee light Candle holders,,153,153,,0,
281,,R40,,MARQUEE,|RSQ|,Glass Tee light Candle holders,,107,107,,0,
282,,R43,,MARQUEE,|RSQ|,Challice Stainless Steel,,1,1,,0,
283,,R?,,MARQUEE,|RSQ|,Sliver mixing bowl for the Buddha ?????,,1,1,,0,
284,,R44,,MARQUEE,|RSQ|,Real 3 RSQ Participant Crystal ball,Kept Packed in Wooden Chest,50,11,,39,
285,,R44,,MARQUEE,|RSQ|,Bell,Kept Packed in Wooden Chest,1,1,,0,
286,,R44,,MARQUEE,|RSQ|,Blue Staff feathers/horse hair,Kept Packed in Wooden Chest,1,1,,0,
287,,R44,,MARQUEE,|RSQ|,Brass Jug lge,Kept Packed in Wooden Chest,1,1,,0,
288,,R44,,MARQUEE,|RSQ|,Candelabra with Pillar Candle,Kept Packed in Wooden Chest,1,1,,0,
289,,R44,,MARQUEE,|RSQ|,Conch Shell,Kept Packed in Wooden Chest,1,1,,0,
290,,R45,,MARQUEE,|RSQ|,Crystal Singing bowl with Silicone Rub,,1,1,,0,
291,,R44,,MARQUEE,|RSQ|,Dagger,Kept Packed in Wooden Chest,1,1,,0,
292,,R44,,MARQUEE,|RSQ|,Golden Ball,Kept Packed in Wooden Chest,1,1,,0,
293,,R44,,MARQUEE,|RSQ|,Golden Lantern,Kept Packed in Wooden Chest,1,1,,0,
294,,R44,,MARQUEE,|RSQ|,Kookaburra feathers,Kept Packed in Wooden Chest,1,1,,0,
295,,R44,,MARQUEE,|RSQ|,Clap Sticks,Kept Packed in Wooden Chest,2,2,,0,
296,,R44,,MARQUEE,|RSQ|,Large Rock,Kept Packed in Wooden Chest,1,1,,0,
297,,R44,,MARQUEE,|RSQ|,Mini Staff,Kept Packed in Wooden Chest,1,1,,0,
298,,R44,,MARQUEE,|RSQ|,Mirror,Kept Packed in Wooden Chest,1,1,,0,
299,,R44,,MARQUEE,|RSQ|,Posie- white flowers,Kept Packed in Wooden Chest,1,1,,0,
300,,R44,,MARQUEE,|RSQ|,Real Man 1 Medallion,Kept Packed in Wooden Chest,1,1,,0,
301,,R44,,MARQUEE,|RSQ|,Real Woman 1 Medallion,Kept Packed in Wooden Chest,1,1,,0,
302,,R44,,MARQUEE,|RSQ|,Real Man 2 Key,Kept Packed in Wooden Chest,1,1,,0,
303,,R44,,MARQUEE,|RSQ|,Real Woman 2 Key,Kept Packed in Wooden Chest,1,1,,0,
304,,R44,,MARQUEE,|RSQ|,RSQ Oracle / Crystal Ball sml,Kept Packed in Wooden Chest,1,1,,0,
305,,R44,,MARQUEE,|RSQ|,Small Volcanic Rock,Kept Packed in Wooden Chest,1,1,,0,
306,,R44,,MARQUEE,|RSQ|,Plastic Sword,Kept Packed in Wooden Chest,1,1,,0,
307,,R44,,MARQUEE,|RSQ|,Wings/Onyx/Wood,Kept Packed in Wooden Chest,1,1,,0,
308,,R44,,MARQUEE,|RSQ|,Wooden Chest,,1,1,,0,
309,,LOOSE,,CONTAINER,|INACTIVE|,Carpet Roll 10 Mtr Long x 3.6 Mtr Wide,"Carpet Rolls: Large Grey - Labelled 1, 2, 3",3,3,,0,
310,,Z1,,CONTAINER,|NEEDED|,Tissues boxes sml box of 100,,24,24,,0,Extra Stock kept in Luggage Shed
311,,Z2,,MARQUEE,|NEEDED|,Brown Laundry Bags,,5,5,,0,
312,,Z2,,MARQUEE,|NEEDED|,Face Washers,,12,12,,0,
313,,WHITE SHELVES,,MARQUEE,|NEEDED|,Aeroguard,,3,3,,0,
314,,WHITE SHELVES,,MARQUEE,|NEEDED|,Baby Wipes 80's Pkt,,2,2,,0,Extra Stock kept in Luggage Hut
315,,WHITE SHELVES,,MARQUEE,|NEEDED|,Chux Wipes Roll (25 50cm x 22cm),,1,1,,0,
316,,WHITE SHELVES,,MARQUEE,|NEEDED|,Detol hand Sanitizer,,1,1,,0,
317,,WHITE SHELVES,,MARQUEE,|NEEDED|,Eucalytus Spray Cans,,2,1,,1,
318,,WHITE SHELVES,,MARQUEE,|NEEDED|,Eucalytus Water Soluble 500ml,,1,1,,0,
319,,WHITE SHELVES,,MARQUEE,|NEEDED|,Febreze,,3,3,,0,
320,,WHITE SHELVES,,MARQUEE,|NEEDED|,Mortien Insect Spray,,1,0,,1,
321,,WHITE SHELVES,,MARQUEE,|NEEDED|,Mozie Coils 30 Pack Tins,,2,2,,0,
322,,WHITE SHELVES,,MARQUEE,|NEEDED|,No Vac Carpet Cleaner,,2,2,,0,
323,,WHITE SHELVES,,MARQUEE,|NEEDED|,Orange Power Spray,,1,1,,0,
324,,WHITE SHELVES,,MARQUEE,|NEEDED|,Paper Towel Roll,,1,1,,0,
325,,Z4,,MARQUEE,|REALWOMAN|,"Menstruation Pads Regular PKTS of 14, Regular, Ultra Thin, Wings, Libra",,20,20,,0,
326,,Z4,,MARQUEE,|REALWOMAN|,"Menstruation Pads Ultra Thins PKTS of 14, Regular, Ultra Thin, Wings, Libra",,50,50,,0,
327,,Z4,,MARQUEE,|REALWOMAN|,Participant Bathing Kits,,2,2,,0,
328,,Z4,,MARQUEE,|REALWOMAN|,Sarongs Coloured,,9,9,,0,
329,,Z4,,MARQUEE,|REALWOMAN|,Sarongs White,,10,10,,0,
330,,Z4,,MARQUEE,|REALWOMAN|,"Sarongs, Tampons, Pads",,1,1,,0,
331,,Z4,,MARQUEE,|REALWOMAN|,Spare Tooth Brushes,,3,1,,2,
332,,Z4,,MARQUEE,|REALWOMAN|,"Tampons, Regular PKTS of 20, Carefree Regular",,60,32,,28,
333,,Z4,,MARQUEE,|REALWOMAN|,"Tampons, Super PKTS of 20, Carefree Large (or Super)",,32,32,,0,
334,,Z5,,MARQUEE,|NEEDED|,Mattress Ropes,,61,61,,0,
335,,Z6,,MARQUEE,|NEEDED|,Black Single Bed Fitted Sheet,,20,20,,0,"Stocked from Kmart, Spotlight & ??"
336,,Z7,,MARQUEE,|NEEDED|,Black Single Bed Fitted Sheet,,20,20,,0,"Stocked from Kmart, Spotlight & ??"
337,,Z8,,CONTAINER,|NEEDED|,Black Single Bed Fitted Sheet,,20,20,,0,"Stocked from Kmart, Spotlight & ??"
338,,Z9,,MARQUEE,|NEEDED|,Towels,Towels - Full Box,15,15,,0,
339,,Z10,,MARQUEE,|NEEDED|,Towels,Towels - Full Box,15,15,,0,
340,,Z11,,CONTAINER,|NEEDED|,Towels,,15,15,,0,''
341,,Z12,,CONTAINER,|NEEDED|,Black Blind Folds,,60,60,,0,
342,,Z13,,MARQUEE,|NEEDED|,R1/R2 Props Box 4,,1,1,,0,
343,,Z13,,MARQUEE,|NEEDED|,Satin Sheet – Blue,,2,2,,0,
344,,Z13,,MARQUEE,|NEEDED|,Satin Sheet – Pink,,2,2,,0,
345,,Z13,,MARQUEE,|NEEDED|,Satin Sheet – Black,,6,5,,1,
346,,Z13,,MARQUEE,|NEEDED|,Satin Sheet – White,,3,3,,0,
347,,Z13,,MARQUEE,|NEEDED|,Satin Sheet – Red,,2,2,,0,
348,,Z13,,MARQUEE,|NEEDED|,Satin Sheet – Gold,,2,2,,0,
349,,Z13,,MARQUEE,|NEEDED|,Sheet – Calico,,1,1,,0,
350,,Z14,,MARQUEE,|REAL1||REAL2|,R1/R2 Props Box 1,,1,1,,0,
351,,Z14,,MARQUEE,|REAL1||REAL2|,Black Blind Folds,In clip lock plastic bag.,1,1,,0,
352,,Z14,,MARQUEE,|REAL1||REAL2|,2 x Dripless candles small (in plastic container),,2,2,,0,
353,,Z14,,MARQUEE,|REAL1||REAL2|,A4 Pln Paper Sheets,,20,20,,0,
354,,Z14,,MARQUEE,|REAL1||REAL2|,Baby in Blanket,On top of Zen Drawers,0,0,,0,
355,,Z14,,MARQUEE,|REAL1||REAL2|,Bible,,1,1,,0,
356,,Z14,,MARQUEE,|REAL1||REAL2|,Candelabra on Stainless Steel Tray (White Shelf),,0,0,,0,
357,,Z14,,MARQUEE,|REAL1||REAL2|,Candelabra,,3,,,3,
358,,Z14,,MARQUEE,|REAL1||REAL2|,Cardboard coffee cups,,8,9,,-1,
359,,Z14,,MARQUEE,|REAL1||REAL2|,Clap sticks,,2,2,,0,
360,,Z14,,MARQUEE,|REAL1||REAL2|,Cup Talcum Powder Found in Box R37,Found in Box R37 ,0,0,,0,Found in Box R37 
361,,Z14,,MARQUEE,|REAL1||REAL2|,Finger Pump Spray bottle Rose Water - Pink Bottle,Facilitator's Ritual Box,1,1,,0,
362,,Z14,,MARQUEE,|REAL1||REAL2|,Golden Ball Plastic,,1,1,,0,
363,,Z14,,MARQUEE,|REAL1||REAL2|,Long Rope – Red and White,,1,1,,0,
364,,Z14,,MARQUEE,|REAL1||REAL2|,Participant NameTag Drop,Yellow Box - Small,1,1,,0,
365,,Z14,,MARQUEE,|REAL1||REAL2|,Candle Holder Plastic Bowl,,1,1,,0,
366,,Z14,,MARQUEE,|REAL1||REAL2|,Pool Noodles Sml,,3,3,,0,
367,,Z14,,MARQUEE,|REAL1||REAL2|,Present (Gift giving process) Box,,1,1,,0,
368,,Z14,,MARQUEE,|REAL1||REAL2|,Priest Cross,,1,1,,0,
369,,Z14,,MARQUEE,|REAL1||REAL2|,Ropes – yellow,,2,2,,0,
370,,Z14,,MARQUEE,|REAL1||REAL2|,"Roses- plastic, long stemmed",,3,3,,0,
371,,Z14,,MARQUEE,|REAL1||REAL2|,Round Wooden Box with Brass Bells Set (Facilitator's Ritual Box),Kept in Facilitator's Ritual Box ,1,1,,0,
372,,Z14,,MARQUEE,|REAL1||REAL2|,Short Rope – Red and White (crossing the line),,1,1,,0,
373,,Z14,,MARQUEE,|REAL1||REAL2|,Talking Stick Wrapped in Purple Suede,,1,1,,0,
374,,Z14,,MARQUEE,|REAL1||REAL2|,Tennis Balls,,4,4,,0,
375,,Z14,,MARQUEE,|REAL1||REAL2|,Trigger Spray Bottle Plain Water,,1,1,,0,
376,,Z15,,MARQUEE,|NEEDED|,Flip Chart Paper,,50,50,,0,
377,,Z17,,MARQUEE,|NEEDED|,Assorted Tools,,1,1,,0,
378,,Z17,,MARQUEE,|NEEDED|,Archetrave Paint and Brush,,1,1,,0,
379,,Z17,,MARQUEE,|NEEDED|,Tape Measure,,1,1,,0,
380,,Z17,,MARQUEE,|NEEDED|,Batteries 18Volt for Cordless Drill,,2,2,,0,
381,,Z17,,MARQUEE,|NEEDED|,Ryobi Battery 18Volt Charger,,1,1,,0,
382,,Z17,,MARQUEE,|NEEDED|,Cordless Drill,,1,1,,0,
383,,Z17,,MARQUEE,|NEEDED|,Driver Bit Set,,1,1,,0,
384,,Z17,,MARQUEE,|NEEDED|,WD40,,1,1,,0,
385,,Z18,,CONTAINER,|INACTTIVE|,Black Curtains,,1,1,,0,
386,,Z18,,CONTAINER,|INACTTIVE|,Behind Music Desk (red/white rope),,1,1,,0,
387,,Z18,,CONTAINER,|INACTTIVE|,Kitchen Door (orange rope),,1,1,,0,
388,,Z18,,CONTAINER,|INACTTIVE|,Triangle Window Cover (orange rope),,1,1,,0,
389,,Z19,,CONTAINER,|INACTTIVE|,Black Curtains on Ropes Box 3 (Crew & Main Entry),,1,1,,0,
390,,Z20,,CONTAINER,|NEEDED|,Extension Lead 20M (Red/Yellow),,3,3,,0,
391,,Z20,,CONTAINER,|NEEDED|,Extension Lead 15 Mtr,,1,1,,0,
392,,Z20,,CONTAINER,|NEEDED|,Extension Lead 10 Mtr,,1,1,,0,
393,,Z20,,CONTAINER,|NEEDED|,Extension Lead 7 Mtr,,2,1,,1,
394,,Z20,,CONTAINER,|NEEDED|,Extension Lead 5 Mtr,,1,2,,-1,
395,,Z20,,CONTAINER,|NEEDED|,Extension Lead 2 Mtr,,1,1,,0,
396,,Z20,,CONTAINER,|NEEDED|,240Volt Power Board 8-Plug (GREY),,0,1,,-1,
397,,Z20,,CONTAINER,|NEEDED|,240Volt Power Board 6-Plug (White),,1,0,,1,
398,,Z20,,CONTAINER,|NEEDED|,240Volt Power Board 4-Plug (White),,1,1,,0,
399,,Z21,,MARQUEE,|NEEDED|,Torches,,1,1,,0,
400,,Z21,,MARQUEE,|NEEDED|,Dolphin Torches Tested & working,,5,5,,0,
401,,Z22,,CONTAINER,|NEEDED|,Black Sheets,,20,20,,0,
402,,Z23,,CONTAINER,|NEEDED|,Ponchos (Rain Coats),,50,47,,3,
403,,Z24,,CONTAINER,|NEEDED|,Blankets,,3,3,,0,
404,,Z25,,MARQUEE,|NEEDED|,Dustpan & Brush,,1,1,,0,
405,,Z25,,MARQUEE,|NEEDED|,Extension Lead 20 Mtr,,1,1,,0,
406,,Z25,,MARQUEE,|NEEDED|,Vacuum Cleaner Emptied with Fittings Checked & Working,,1,1,,0,
407,,Z26,,CONTAINER,|NEEDED|,Black Baggage Bags (Prop),,2,2,,0,
408,,Z27,,CONTAINER,|NEEDED|,Blue Director's Chairs,,2,2,,0,
409,,Z28,,CONTAINER,|NEEDED|,Ropes Box with plenty of assorted ropes,,1,1,,0,
410,,UNKNOWN,,MARQUEE,|NEEDED|,Box Of Limits (6 Sections),,1,1,,0,
411,,UNKNOWN,,MARQUEE,|NEEDED|,Buffalo Drum,,1,1,,0,
412,,UNKNOWN,,MARQUEE,|NEEDED|,Ceremonial Swords,,4,4,,0,
413,,UNKNOWN,,MARQUEE,|NEEDED|,Yellow Punching Bag,,1,1,,0,
414,,UNKNOWN,,MARQUEE,|NEEDED|,Running Wo/Man Mask,,1,1,,0,
415,,UNKNOWN,,MARQUEE,|NEEDED|,Rain Stick,,1,1,,0,
416,,UNKNOWN,,MARQUEE,|NEEDED|,Swords,,4,,,4,
417,,UNKNOWN,,MARQUEE,|NEEDED|,Sword Stabbing Timber Slab,,1,1,,0,
418,,UNKNOWN,,MARQUEE,|NEEDED|,Hoola hoops,,10,9,,1,
419,,UNKNOWN,,MARQUEE,|NEEDED|,Large Mirror,,2,2,,0,
420,,UNKNOWN,,MARQUEE,|NEEDED|,White Wooden Cross Large,,1,1,,0,
421,,UNKNOWN,,MARQUEE,|NEEDED|,Crutches (Pair),,2,2,,0,
422,,UNKNOWN,,MARQUEE,|NEEDED|,20 Mtr Extension Cord (Power for Container),,1,1,,0,
423,,UNKNOWN,,MARQUEE,|NEEDED|,Poly Pipe Wacker,,1,1,,0,
424,,UNKNOWN,,MARQUEE,|NEEDED|,Speaker Mounting Bkts,,2,2,,0,
425,,UNKNOWN,,MARQUEE,|NEEDED|,Timber Staff,,52,52,,0,
426,,Z30,,CONTAINER,|NEEDED|,Large Black Bin,,1,1,,0,
427,,UNKNOWN,,CONTAINER,|NEEDED|,Grey Space Rubbish Bins,,5,5,,0,
428,,Z31,,CONTAINER,|NEEDED|,Blanket- blue,,1,1,,0,
429,,UNKNOWN,,CONTAINER,|NEEDED|,Pillow,,1,1,,0,
430,,UNKNOWN,,CONTAINER,|NEEDED|,Sheet set,,1,1,,0,
431,,Z32,,MARQUEE,|NEEDED|,"Real Confidence Box Silver, Metallic Box",Silver Metal Case,1,1,,0,
432,,Z32,,MARQUEE,|NEEDED|,Coloured Glass Beads in Container,,1,1,,0,
433,,Z32,,MARQUEE,|NEEDED|,Eye Sign,,1,1,,0,
434,,Z32,,MARQUEE,|NEEDED|,A4 Pln Paper,Loose Sheets in Manila Folder,10,10,,0,
435,,Z32,,MARQUEE,|NEEDED|,Red Carry Bag with Bottom cut out,,1,1,,0,
436,,Z32,,MARQUEE,|NEEDED|,Red Heart Pillow -,,1,1,,0,
437,,Z32,,MARQUEE,|NEEDED|,TIMELINE PROCESS Laminated Cue Cards,,38,38,,0,
438,,Z32,,MARQUEE,|NEEDED|,Yes / No Sign,,1,1,,0,
439,,N/A,,CONTAINER,|NEEDED|,Sleeping Matresses (Blue),,29,29,,0,
440,,Z16 ????,,MARQUEE,|NEEDED|,Sleeping Matresses (Stripes),,21,21,,0,
441,,Z16 ????,,MARQUEE,|NEEDED|,Facilitator Chair,,1,1,,0,
442,,Z16 ????,,MARQUEE,|NEEDED|,Facilitator Lectern,,1,1,,0,
443,,PLASTIC DRAWERS ,,Zen Zone 2,|NEEDED|,Balloons,,200,200,,0,
444,,PLASTIC DRAWERS ,,Zen Zone 2,|NEEDED|,Batteries 'D' Cell,,8,2,,6,
445,,PLASTIC DRAWERS ,,Zen Zone 2,|NEEDED|,Batteries AA,,48,0,,48,
446,,PLASTIC DRAWERS ,,Zen Zone 2,|NEEDED|,Batteries AAA,,40,40,,0,
447,,PLASTIC DRAWERS ,,Zen Zone 2,|NEEDED|,Batteries Lithium flat 3V,,40,32,,8,
448,,PLASTIC DRAWERS ,,Zen Zone 2,|NEEDED|,Batteries C cell,,4,0,,4,
449,,PLASTIC DRAWERS ,,Zen Zone 2,|NEEDED|,Batteries Stop watch,,4,2,,2,
450,,PLASTIC DRAWERS ,,Zen Zone 2,|NEEDED|,Blu-Tak 75g packs,,6,8,,-2,
451,,PLASTIC DRAWERS ,,Zen Zone 2,|NEEDED|,Connector Bulldog Clips (Medium 25mm),,12,14,,-2,
452,,PLASTIC DRAWERS ,,Zen Zone 2,|NEEDED|,Connector Bulldog Clips (Large 50mm),,8,8,,0,
453,,PLASTIC DRAWERS ,,Zen Zone 2,|NEEDED|,Connector Bulldog Clips (sml 12mm),,12,12,,0,
454,,PLASTIC DRAWERS ,,Zen Zone 2,|NEEDED|,Hook and Loop Velcro 1.8m,,1,1,,0,
455,,PLASTIC DRAWERS ,,Zen Zone 2,|NEEDED|,Connector Stapler,,1,1,,0,
456,,PLASTIC DRAWERS ,,Zen Zone 2,|NEEDED|,Connector Staples (Boxes),,1,2,,-1,
457,,PLASTIC DRAWERS ,,Zen Zone 2,|NEEDED|,Counter Stop Watch Plus 1 in Box R1,,3,3,,0,
458,,PLASTIC DRAWERS ,,Zen Zone 2,|NEEDED|,Counter Click Counters,,3,3,,0,
459,,PLASTIC DRAWERS ,,Zen Zone 2,|NEEDED|,Clip boards,,3,3,,0,
460,,PLASTIC DRAWERS ,,Zen Zone 2,|NEEDED|,Clothes line,,3,3,,0,
461,,PLASTIC DRAWERS ,,Zen Zone 2,|NEEDED|,Crew drop box,,1,1,,0,
462,,PLASTIC DRAWERS ,,Zen Zone 2,|NEEDED|,Crew Name Tags,,1,1,,0,
463,,PLASTIC DRAWERS ,,Zen Zone 2,|NEEDED|,Crew Name Tags holders,,8,8,,0,
464,,PLASTIC DRAWERS ,,Zen Zone 2,|NEEDED|,"Crew Shirts - Womens Sizes 10, 14, 18, 22",Crew Shirts Womens Size 10,3,3,,0,
465,,PLASTIC DRAWERS ,,Zen Zone 2,|NEEDED|,"Crew Shirts - Mens - M, L, 2XL",,,,,0,
466,,PLASTIC DRAWERS ,,Zen Zone 2,|NEEDED|,Dot,,3,3,,0,
467,,PLASTIC DRAWERS ,,Zen Zone 2,|NEEDED|,Spider Trick Assorted bugs pack 1 of each,,1,1,,0,
468,,PLASTIC DRAWERS ,,Zen Zone 2,|NEEDED|,Golden Ball (Real 2),,1,1,,0,
469,,PLASTIC DRAWERS ,,Zen Zone 2,|NEEDED|,Golden Ball Wicker Basket Sml,For Golden Ball (Real 2) Process,1,1,,0,
470,,PLASTIC DRAWERS ,,Zen Zone 2,|NEEDED|,Real Man 1 Medallion,,1,1,,0,
471,,PLASTIC DRAWERS ,,Zen Zone 2,|NEEDED|,Real Women 1 Medallion,,1,1,,0,
472,,PLASTIC DRAWERS ,,Zen Zone 2,|NEEDED|,Real Man 2 Key,,1,1,,0,
473,,PLASTIC DRAWERS ,,Zen Zone 2,|NEEDED|,Real Woman 2 Key,,1,1,,0,
474,,PLASTIC DRAWERS ,,Zen Zone 2,|NEEDED|,Padlock and Key with Black Strap - For Grove Net,,1,,,1,
475,,PLASTIC DRAWERS ,,Zen Zone 2,|NEEDED|,Grove Net (Incl Padlock),,1,,,1,
476,,PLASTIC DRAWERS ,,Zen Zone 2,|NEEDED|,Real 2 Mother Weave - Red & White Rope,,1,1,,0,
477,,PLASTIC DRAWERS ,,Zen Zone 2,|NEEDED|,Ear Plugs,,100,24,,76,
478,,PLASTIC DRAWERS ,,Zen Zone 2,|NEEDED|,Flipchart Markers Blue,,3,7,,-4,
479,,PLASTIC DRAWERS ,,Zen Zone 2,|NEEDED|,Flipchart Markers Green,,3,6,,-3,
480,,PLASTIC DRAWERS ,,Zen Zone 2,|NEEDED|,Flipchart Markers Red,,3,6,,-3,
481,,PLASTIC DRAWERS ,,Zen Zone 2,|NEEDED|,Flipchart Markers Black,,3,7,,-4,
482,,PLASTIC DRAWERS ,,Zen Zone 2,|NEEDED|,Gaffer Tape Unopened Yellow,,1,0,,1,
483,,PLASTIC DRAWERS ,,Zen Zone 2,|NEEDED|,Gaffer Tape Unopened Black,,2,2,,0,
484,,PLASTIC DRAWERS ,,Zen Zone 2,|NEEDED|,Garbage Bags White 27 litre Full Rolls (LUGGAGE HUT IF NEEDED),,0,0,,0,
485,,PLASTIC DRAWERS ,,Zen Zone 2,|NEEDED|,Garbage Bags Black 56 litre Full Rolls,,1,1,,0,
486,,PLASTIC DRAWERS ,,Zen Zone 2,|NEEDED|,Gargage Bin liners Rolls Small 12tr,,2,2,,0,
487,,PLASTIC DRAWERS ,,Zen Zone 2,|NEEDED|,Garbage Bags Black 240 litre Pkt 10 (LUGGAGE HUT IF NEEDED),,0,0,,0,
488,,PLASTIC DRAWERS ,,Zen Zone 2,|NEEDED|,Hole Punch 3 hole,,1,1,,0,
489,,PLASTIC DRAWERS ,,Zen Zone 2,|NEEDED|,Lantana Root & Rock,Demo Sample - 1 of Each in Drawer,2,1,,1,
490,,PLASTIC DRAWERS ,,Zen Zone 2,|NEEDED|,Assorted lighters - BBQ Gas Lighter BIC BRAND,,8,10,,-2,
491,,PLASTIC DRAWERS ,,,|NEEDED|,Dimmer Lights - In Cardboard Boxes,In Cardboard Boxes,0,0,,0,
492,,PLASTIC DRAWERS ,,Zen Zone 2,|NEEDED|,Masks Per Number of Crew,,50,79,,-29,
493,,PLASTIC DRAWERS ,,Zen Zone 2,|NEEDED|,Small Roles String 80Mtr,,2,,,2,
494,,PLASTIC DRAWERS ,,Zen Zone 2,|NEEDED|,Paper A4 Paper (Reem 500),,2,1,,1,
495,,PLASTIC DRAWERS ,,Zen Zone 2,|NEEDED|,Paper A4 3 hole Paper (Reem 500),,2,1,,1,
496,,PLASTIC DRAWERS ,,Zen Zone 2,|NEEDED|,Paper A5 Paper (Reem 500),,1,1,,0,
497,,PLASTIC DRAWERS ,,Zen Zone 2,|NEEDED|,Pax Spare Name Tags,,0,0,,0,
498,,PLASTIC DRAWERS ,,Zen Zone 2,|NEEDED|,Pax Spare Name Tags holders,,10,7,,3,
499,,PLASTIC DRAWERS ,,Zen Zone 2,|NEEDED|,Pegs,,100,100,,0,
500,,PLASTIC DRAWERS ,,Zen Zone 2,|NEEDED|,Perm Marker - Bullet Tip,,4,4,,0,
501,,PLASTIC DRAWERS ,,Zen Zone 2,|NEEDED|,Highlighter,,6,,,6,
502,,PLASTIC DRAWERS ,,Zen Zone 2,|NEEDED|,Pencils,,1,,,1,
503,,PLASTIC DRAWERS ,,Zen Zone 2,|NEEDED|,Pen,,50,,,50,
504,,PLASTIC DRAWERS ,,Zen Zone 2,|NEEDED|,Pencil Sharpener,,4,,,4,
505,,PLASTIC DRAWERS ,,Zen Zone 2,|NEEDED|,White-out,,,,,0,
506,,PLASTIC DRAWERS ,,Zen Zone 2,|NEEDED|,Rubbers,,,7,,-7,
507,,PLASTIC DRAWERS ,,Zen Zone 2,|NEEDED|,"Post-it Notes (Small), Post-it Notes (Medium), Post-it Notes (Large)",,,1,,-1,
508,,PLASTIC DRAWERS ,,Zen Zone 2,|NEEDED|,Rubberbands,,,40,,-40,
509,,PLASTIC DRAWERS ,,Zen Zone 2,|NEEDED|,Scissors,,,6,,-6,
510,,PLASTIC DRAWERS ,,Zen Zone 2,|NEEDED|,Safety Knife,,,1,,-1,
511,,PLASTIC DRAWERS ,,Zen Zone 2,|NEEDED|,Safety Knife Blade Replacement,,1,,,1,
512,,PLASTIC DRAWERS ,,Zen Zone 2,|NEEDED|,Stick On Labels Sheets- (Water Bottle Name Tags),,100,120,,-20,
513,,PLASTIC DRAWERS ,,Zen Zone 2,|NEEDED|,Story Book,,2,2,,0,
514,,PLASTIC DRAWERS ,,Zen Zone 2,|NEEDED|,Textas Assorted Dark Colours Crew,,1,1,,1,
515,,PLASTIC DRAWERS ,,Zen Zone 2,|NEEDED|,Tic Tacs 50g Packs,,6,1,,5,
516,,PLASTIC DRAWERS ,,Zen Zone 2,|NEEDED|,"White Tee Shirts - Mens - Sizes M, L, 2XL",,4,3,,1,
517,,PLASTIC DRAWERS ,,Zen Zone 2,|NEEDED|,"White Tee Shirts Womens Sizes 18, 12, 10",,3,3,,0,
518,,PLASTIC DRAWERS ,,Zen Zone 2,|NEEDED|,Xylophone Real 3,,1,1,,0,
519,,PLASTIC DRAWERS ,,Zen Zone 2,|NEEDED|,Spare Padlock and Key,,0,1,,-1,
520,,WHITE SHELVES,,Zen Area 2 ,|NEEDED|,600ml Facilitator's Water,,72,0,,72,
521,,WHITE SHELVES,,Zen Area 2 ,|NEEDED|,Aeroguard Spray Personal Insect  Repellant - Blue Tins,,2,2,,0,
522,,WHITE SHELVES,,Zen Area 2 ,|NEEDED|,Baby Wipes 80's,,2,0,,2,
523,,WHITE SHELVES,,Zen Area 2 ,|NEEDED|,Candelabras,,6,6,,0,
524,,WHITE SHELVES,,Zen Area 2 ,|NEEDED|,Candelabra Drip Trays Stainless Steel,,6,5,,1,
525,,WHITE SHELVES,,Zen Area 2 ,|NEEDED|,Candelabras on Stainless Steel Drip Trays,,4,4,,0,
526,,WHITE SHELVES,,Zen Area 2 ,|NEEDED|,Coconut Water 1ltr bottles,,6,4,,2,
527,,WHITE SHELVES,,Zen Area 2 ,|NEEDED|,Cotton Twine 300mtr rolls,,2,2,,0,
528,,WHITE SHELVES,,Zen Area 2 ,|NEEDED|,First-Aid Kit Green box,,1,1,,0,
529,,WHITE SHELVES,,Zen Area 2 ,|NEEDED|,Hand Sanitizer,,2,2,,0,
530,,WHITE SHELVES,,Zen Area 2 ,|NEEDED|,Pillar Candles Lge,,3,3,,0,
531,,WHITE SHELVES,,Zen Area 2 ,|NEEDED|,Small Grey Rubbish Bins,,6,6,,0,
532,,WHITE SHELVES,,Zen Area 2 ,|NEEDED|,Small Mirrors,,24,24,,0,
533,,WHITE SHELVES,,Zen Area 2 ,|NEEDED|,Tissues 100 per box,,10,11,,-1,
534,,WHITE SHELVES,,Zen Area 2 ,|NEEDED|,Eucalyptus Spray Cans,,2,2,,0,
535,,WHITE SHELVES,,Zen Area 2 ,|NEEDED|,Febreze 370ml,,2,2,,0,
536,,WHITE SHELVES,,Zen Area 2 ,|NEEDED|,Freedom Carpet Cleaner,,1,1,,0,
537,,WHITE SHELVES,,Zen Area 2 ,|NEEDED|,No Vac Carpet Sanitizer Deodorant,,1,1,,0,
538,,WHITE SHELVES,,Zen Area 2 ,|NEEDED|,Orange Power Spray,,1,1,,0,
539,,WHITE SHELVES,,Zen Area 2 ,|NEEDED|,Roll Chux,,1,1,,0,
540,,WHITE SHELVES,,Zen Area 2 ,|NEEDED|,Paper Towels (Roll),,1,1,,0,
541,,Z40,,MARQUEE,|REAL2|,Golden Balls,,60,46,,14,
542,,Z41,,MARQUEE,|REAL2|,Red & White Ropes,,50,32,,18,
543,,Z42,,MARQUEE,|REAL2|,Leather Gloves (Pairs),,26,19,,7,
544,,Z43,,CONTAINER,|REAL2|,Skit Box,,1,1,,0,
545,,Z44,,MARQUEE,|REAL2|,Plastic Swords,,40,25,,15,
546,,Z44,,L/H,|REAL2|,Large Tarp Breathe 12Mtr X 12Mtr,,1,1,,0,
547,,Z45,,L/H,|REAL2|,Gauntlet Carpet,,1,1,,0,
548,,Z46,,L/H,|REAL2|,Tunnel Of Turbulence,,1,1,,0,
549,,Z47,,MARQUEE,|REAL1||REAL2|,Black Sheets,,30,,,30,
550,,Z48,,MARQUEE,|REAL1||REAL2|,Black Sheets,,30,,,30,
551,,Z49,,MARQUEE,|REAL2|,"Birthing Canals (Beige colour,",,4,4,,0,
552,,Z50,,MARQUEE,|NEEDED|,Mattresses,,40,40,,0,
553,,Z51,,MARQUEE,|REAL2|,Candelabra,,2,2,,0,
554,,Z52,,MARQUEE,|REAL2|,Birthing Tarp Cleaning Kit,,1,1,,0,
555,,Z52,,MARQUEE,|REAL2|,1 Ltr CT Truck wash,,1,0,,1,
556,,Z52,,MARQUEE,|REAL2|,Assorted ropes and Straps,,1,1,,0,
557,,Z52,,MARQUEE,|REAL2|,Steel Anchor Pegs,,1,1,,0,
558,,Z52,,MARQUEE,|REAL2|,Yellow tub,,1,1,,0,
559,,Z52,,MARQUEE,|NEEDED|,Buffalo Drum,,1,1,,0,
560,,Z53,,MARQUEE,|REAL2|,Arrows,,90,41,,49,
561,,Z54,,MARQUEE,|REAL2|,Foam Balls,,50,12,,38,
562,,Z55,,MARQUEE,|REAL2|,Foam Balls,,50,50,,0,
563,,Z57,,MARQUEE,|REAL2|,Sorbolene 1 Ltr,,20,10,,10,
564,,Z58,,MARQUEE,|REAL2|,Candle Dripless - New,,50,40,,10,
565,,UNKNOWN,,MARQUEE,|REAL2|,Candle Dripless used,,64,20,,44,
566,,UNKNOWN,,MARQUEE,|REAL2|,Candle Pillar,,,,,0,
567,,UNKNOWN,,MARQUEE,|REAL2|,Candle Pillar,,6,7,,-1,
568,,Z59,,MARQUEE,|REAL2|,Candles Tea light,,400,200,,200,
569,,Z65,,MARQUEE,|RSQ|,Black Ropes Circles,,51,51,,0,
570,,UNKNOWN,,MARQUEE,|RSQ|,Black Rope Lge,,2,2,,0,
571,,Z66,,MARQUEE,|RSQ|,Mirrors Medium,,20,20,,0,
572,,Z67,,MARQUEE,|RSQ|,Mirrors Medium,,20,20,,0,
573,,Z68,,MARQUEE,|RSQ|,Mirrors Medium,,20,20,,0,
574,,Z70,,MARQUEE,|RSQ|,Cooling Fans (small),,11,5,,6,
575,,UNKNOWN,,MARQUEE,|RSQ|,Table Mini Evaporative Air Conditioner,,1,0,,1,
576,,Z71,,MARQUEE,|RSQ|,Small Ball String - 80Mtr,,1,1,,0,
577,,UNKNOWN,,MARQUEE,|RSQ|,Parcel A3 Paper 500 Sheet Pack/Reem,,2,1,,1,
578,,UNKNOWN,,MARQUEE,|RSQ|,Post it Notes small,,20,20,,0,
579,,UNKNOWN,,MARQUEE,|RSQ|,String 80m,,3,3,,0,
580,,Z72,,MARQUEE,|TANTRA|,Balloons 100pk,,1,1,,0,
581,,Z72,,MARQUEE,|TANTRA|,Eye Masks,,50,50,,0,
582,,Z72,,MARQUEE,|TANTRA|,Potpouri Bag,,1,0,,1,
583,,Z72,,MARQUEE,|TANTRA|,Red Feather Boas Halves,,30,30,,0,
584,,Z72,,MARQUEE,|TANTRA|,Spray Essential Oil Rose & Jasmine,,1,1,,0,
585,,Z72,,MARQUEE,|TANTRA|,Spray Essential Oil Sandalwood & Pachouli,,1,1,,0,
586,,Z72,,MARQUEE,|TANTRA|,Sage Smudge Sticks,,,,,0,
587,,Z72,,MARQUEE,|TANTRA|,Feather Sage Wand/Stick - Marquee R1 Storage Area,,,,,0,
588,,Z73,,MARQUEE,|TANTRA|,Black Chain,,12,12,,0,
589,,Z73,,MARQUEE,|TANTRA|,Coathanger covered in clingwrap Facilitator Prop,,1,1,,0,
590,,Z73,,MARQUEE,|TANTRA|,Golden Ceremonial Rings individual,,36,36,,0,
591,,Z73,,MARQUEE,|TANTRA|,Sharbari Rope - Cut to Lengths,,18,18,,0,
592,,Z74,,MARQUEE,|TANTRA|,Cayenne Pepper,,1,0,,1,
593,,Z74,,MARQUEE,|TANTRA|,Ceremonial Cacao Block 400gm,,2,0,,2,
594,,Z74,,MARQUEE,|TANTRA|,Cinnamon,,1,0,,1,
595,,Z74,,MARQUEE,|TANTRA|,"Foam Cups 1 per crew, 1 per pax +5 spare",,120,0,,120,
596,,Z74,,MARQUEE,|TANTRA|,Ground Ginger,,1,0,,1,
597,,Z74,,MARQUEE,|TANTRA|,Maple Syrup Sugar Free,,1,0,,1,
598,,Z74,,MARQUEE,|TANTRA|,Measuring Jugs,,2,0,,2,
599,,Z74,,MARQUEE,|TANTRA|,Sieve,,2,0,,2,
600,,Z74,,MARQUEE,|TANTRA|,Vanilla Extract,,1,0,,1,
601,,Z75,,MARQUEE,|TANTRA|,Golden Cord Thick,,1,1,,0,
602,,Z75,,MARQUEE,|TANTRA|,Golden Cord Thin Spool,,2,2,,0,
603,,Z75,,MARQUEE,|TANTRA|,Red Velvet Cover,,1,1,,0,
604,,Z76,,MARQUEE,|TANTRA|,Massage Oil Dispensers,,6,6,,0,
605,,Z76,,MARQUEE,|TANTRA|,Massage Oil,,Massage Oil,,,#VALUE!,
606,,Z76,,MARQUEE,|TANTRA|,Small paper boxes same as RSQ Blue Pill,,30,0,,30,
607,,Z77,,MARQUEE,|TANTRA|,Fairy Lights Battery Operated,,20,13,,7,
608,,Z77,,MARQUEE,|TANTRA|,Lantern Mini Torches Battery Operated for Bell Tents,,10,4,,6,
609,,LH SHELVES,,L/H,|TANTRA|,60 Pillows and Black Pillow Cases,,60,60,,0,
610,,LH SHELVES,,L/H,|TANTRA|,Glamping Tent,,5,5,,0,
611,,LH SHELVES,,L/H,|TANTRA|,Silver Fly inside tents,,5,5,,0,
612,,LH SHELVES,,L/H,|TANTRA|,Tarp (Use under Tents),,2,2,,0,
613,,CONTAINER SHELVES,,CONTAINER,|TANTRA|,Glamping Tent suitable for Crew,,2,2,,0,
614,,CONTAINER SHELVES,,CONTAINER,|TANTRA|,Synthetic Grass,,6,6,,0,
615,,CONTAINER SHELVES,,CONTAINER,|TANTRA|,Black Rubber Mats (2 per tent entrance),,10,10,,0,
616,,CONTAINER SHELVES,,CONTAINER,|TANTRA|,Silver Fly,,2,2,,0,
617,,CONTAINER SHELVES,,CONTAINER,|TANTRA|,Spare Tent Pegs Black Bucket,,1,1,,0,
618,,CONTAINER SHELVES,,CONTAINER,|TANTRA|,Carpet,,4,4,,0,
619,,K1,,LHS Vanity/Showers,|NEEDED|,Co-Enzyme Pink,,1,1,,0,
620,,K1,,LHS Vanity/Showers,|NEEDED|,Co-Enzime White,,1,1,,0,
621,,K1,,LHS Vanity/Showers,|NEEDED|,Sauce Squeeze Bottle 1 Ltr Incl Lid,,1,1,,0,
622,,K1,,LHS Vanity/Showers,|NEEDED|,Spray Bottle,,1,1,,0,
623,,K2,,,|NEEDED|,Chux Roll,,1,1,,0,
624,,K2,,,|NEEDED|,Gloves disposalble,,2,1,,1,
625,,K2,,,|NEEDED|,Disinfectant Spray Bottle - SINKS ONLY,,1,1,,0,
626,,K2,,,|NEEDED|,Dustpan & Brush,,1,1,,0,
627,,K2,,,|NEEDED|,Gargage Bin liners Rolls Small 15ltr,,1,1,,0,
628,,K2,,,|NEEDED|,Gargage Bin liners Rolls Small 27ltr,,1,1,,0,
629,,K2,,,|NEEDED|,Jiff Cream cleanser,,2,2,,0,
630,,K2,,,|NEEDED|,Toilet Paper Rolls Pk of 24,,24,24,,0,
631,,K2,,,|NEEDED|,Paper Hand Towels 23 x 23.5 cm Eclipse Brand,,8,8,,0,
632,,K2,,,|NEEDED|,Tissues Box Sml,,4,4,,0,
633,,K2,,LHS Vanity/Showers,|NEEDED|,Foaming Handwash Pump - Refill,,1,1,,0,
634,,K2,,,|NEEDED|,Foaming Handwash Pump,,6,6,,0,
635,,K3,,Kitchen Metal shelves,|NEEDED|,Laundry Bag Blue,,1,1,,0,
636,,KITCHEN,,,|NEEDED|,Tea Towel,,40,40,,0,
637,,KITCHEN,,,|NEEDED|,"Black Towels (Cover Plates, Bowls etc)",Cover for Plates Bowls etc,5,5,,0,
638,,KITCHEN,,Kitchen On top of Fridge ,|NEEDED|,Disposable Foil Oven Trays- Large,,10,2,,8,
639,,KITCHEN,,,|NEEDED|,Disposable Foil Oven Trays- Medium,,10,5,,5,
640,,KITCHEN,,Under Sink,|NEEDED|,Large Yellow Sponge Packet,,2,0,,2,
641,,KITCHEN,,,|NEEDED|,Chux Roll,,1,1,,1,
642,,KITCHEN,,,|NEEDED|,Scourer Metal,,2,2,,0,
643,,KITCHEN,,,|NEEDED|,Scrubbing Brush,,1,1,,0,
644,,KITCHEN,,,|NEEDED|,Morning Fresh Detergent,,1,0,,1,
645,,KITCHEN,,,|NEEDED|,Hand Wash Foaming Soap REFILL,,1,1,,0,
646,,KITCHEN,,,|NEEDED|,Bleach Domestos Type,,1,1,,0,
647,,KITCHEN,,,|NEEDED|,Jiff,,1,1,,0,
648,,KITCHEN,,,|NEEDED|,Eucalyptus Oil,,1,1,,0,
649,,KITCHEN,,,|NEEDED|,White Vinegar,,1,1,,0,
650,,KITCHEN,,,|NEEDED|,Baking Soda,,1,0,,1,
651,,KITCHEN,,White Cupboard,|NEEDED|,Mocconna Coffee Jar 400gm,,4,2,,2,
652,,KITCHEN,,,|NEEDED|,Black Tea Bags,,80,60,,20,
653,,KITCHEN,,,|NEEDED|,Peppermint Tea,,60,50,,10,
654,,KITCHEN,,,|NEEDED|,Honey Squeezable Bottle,,6,1,,5,
655,,KITCHEN,,,|NEEDED|,Peanut Butter,,6,4,,2,
656,,KITCHEN,,,|NEEDED|,Jam Strawberry,,6,2,,4,
657,,KITCHEN,,,|NEEDED|,Salt Shaker,,1,1,,0,
658,,KITCHEN,,,|NEEDED|,Pepper Shaker,,1,1,,0,
659,,KITCHEN,,,|NEEDED|,Apple Cider Vinear,,1,0,,1,
660,,KITCHEN,,,|NEEDED|,Olive Oil,,2,1,,1,
661,,KITCHEN,,,|NEEDED|,Tomato Sauce,,6,2,,4,
662,,KITCHEN,,,|NEEDED|,Almond Milk Longlife,,8,0,,8,
663,,KITCHEN,,,|NEEDED|,Full Cream Longlife,,8,2,,6,
664,,KITCHEN,,,|NEEDED|,Thick Black Tea Towels,,6,6,,0,
665,,KITCHEN,,,|NEEDED|,Lazy Susan,,6,6,,0,
666,,KITCHEN,,Kitchen Metal shelves,|NEEDED|,Toaster Gluten Free,,1,1,,0,
667,,KITCHEN,,,|NEEDED|,Shoo Away,,4,4,,0,
668,,WASH ROOM,,Container Metal Shelves,|NEEDED|,Smaller Aspire Paper Towels,,6,6,,0,
669,,KITCHEN,,,|NEEDED|,Cutlery Holders,,8,8,,0,
670,,KITCHEN,,,|NEEDED|,Small Moulded Table for drying dishes,,1,1,,0,
671,,KITCHEN,,,|NEEDED|,Empty Dryng Racks,,3,3,,0,
672,,KITCHEN,,,|NEEDED|,Morning Fresh Detergent,,1,1,,0,
673,,KITCHEN,,,|NEEDED|,"Sponge, Scourer, Dish Brush",,1,1,,0,
674,,KITCHEN,,,|NEEDED|,Foam Pump Soap Dispenser,,1,1,,0,
675,,KITCHEN,,,|NEEDED|,Rubbish Bin Paper Towels ONLY,,8,8,,0,
676,,TOP SHED,,,|INACTIVE|,Concrete Slabs 600mm Square,,4,4,,0,
677,,BREEZEWAY,,,|INACTIVE|,Heater Box Legs Insulating 'C' Channel Sections,,2,2,,0,
678,,BREEZEWAY,,,|INACTIVE|,Metal Collar Small Grey Steel Donut Ring,,1,1,,0,
679,,BREEZEWAY,,,|INACTIVE|,Metal Insulated Ring,,1,1,,0,
680,,BREEZEWAY,,,|INACTIVE|,Sweat Chimney 3 Sections inside each other,,1,1,,0,
681,,BREEZEWAY,,,|INACTIVE|,Sweat Floor Green Tarp Circular cut to size,,1,1,,0,
682,,TOP SHED,,,|INACTIVE|,Sweat Heater Box Sml,For Portable Sweat,1,,,1,
683,,SWEAT,,,,Sweat Heater Box Med,Sweat Lodge Heater Smaller of 2,,,,0,
684,,SWEAT,,,,Sweat Heater Box Lge,Sweat Lodge Heater Biggest of 2,,,,0,
685,,TOP SHED,,,|INACTIVE|,Portable Sweat Lodge,"Frame Sections (Cnr fittings, pipes, screws, plastic shielding) - Flooring - Insulated Cover .",1,1,,0,
686,,UNKNOWN,,,|NEEDED|,Black Rope Circle,,5,5,,0,
687,,UNKNOWN,,,|NEEDED|,Chinese Bells,,1,1,,0,
688,,UNKNOWN,,,|NEEDED|,Spare Equipment Storage Box,,2,2,,0,
689,,MT3,,MARQUEE,|MT|,Assorted Leathers,,2,2,,0,
690,,MT26,,MARQUEE,|MT|,Assorted Leathers,,2,2,,0,
691,,MT4,,MARQUEE,|MT|,Assorted Glass Candle Holders Sml,,33,33,,0,
692,,UNKNOWN,,MARQUEE,|MT|,Assorted Glass Candle Holders Lge,,16,16,,0,
693,,MT5,,MARQUEE,|MT|,Assorted Black and White Calico Off-Cuts,,1,1,,0,
694,,MT6,,MARQUEE,|MT|,Black Single Bed Fitted Sheet,,12,12,,0,
695,,MT7,,MARQUEE,|MT|,Long Black Cutain on Rope,,1,1,,0,
696,,UNKNOWN,,MARQUEE,|MT|,Small Black Curtain,,1,1,,0,
697,,MT8,,MARQUEE,|MT|,Medium Mirrors,,10,10,,0,
698,,MT9,,MARQUEE,|MT|,Black Velour Backdrop Curtain,,1,1,,0,
699,,MT10,,MARQUEE,|MT|,Towels,,1,1,,0,
700,,MT11,,MARQUEE,|MT|,Towels,,1,0,,1,
701,,MT12,,MARQUEE,|MT|,OLD Props Assorted,,1,1,,0,
702,,MT13,,MARQUEE,|MT|,OLD Props Assorted,,1,1,,0,
703,,MT14,,MARQUEE,|MT|,White Blind Folds,,60,60,,0,
704,,UNKNOWN,,MARQUEE,|MT|,Long Section Cut Off Roll,Loose Pack Stored on Top Shelf of Shelving Racks RSQ Section,1,1,,0,
705,,MT15,,MARQUEE,|MT|,White Calico Sheets,,17,17,,0,
706,,MT16,,MARQUEE,|MT|,White Calico Sheets,,34,34,,0,
707,,MT17,,MARQUEE,|MT|,Black Sheets,,18,18,,0,
708,,MT18,,MARQUEE,|MT|,Brass Bowls & Racks,,12,12,,0,
709,,MT19,,MARQUEE,|REAL1|,Archetypes Demo Box,,1,1,,0,
710,,MT19,,MARQUEE,|REAL1|,Bent Magician Wand,,1,1,,0,
711,,MT19,,MARQUEE,|REAL1|,Gold Crown,,1,1,,0,
712,,MT19,,MARQUEE,|REAL1|,Pink Slime,,1,1,,0,
713,,MT19,,MARQUEE,|REAL1|,Plastic Sword,,1,1,,0,
714,,MT19,,MARQUEE,|REAL1|,Rubber Sword,,1,1,,0,
715,,MT19,,MARQUEE,|REAL1|,Straight Magician Wand,,1,1,,0,
716,,MT19,,MARQUEE,|REAL1|,Wooden Hearts,,4,4,,0,
717,,MT20,,TOP SHED,|MT|,Black Ropes(Sweat) Large,,2,2,,0,
718,,MT20,,TOP SHED,|MT|,Black Ropes(Sweat) Small,,11,11,,0,
719,,TOP SHED,,TOP SHED,|MT|,Boxes of Fairy Lights Coloured,,2,2,,0,
720,,TOP SHED,,TOP SHED,|MT|,Disco Ball,,1,1,,0,
721,,MT25,,MARQUEE,|MT|,White China/Ceramic Bowls,,33,33,,0,
722,,MT21,,MARQUEE,|MT|,Real Sequence Box,,1,1,,0,
723,,MT21,,MARQUEE,|MT|,Large Cage,,1,1,,0,
724,,MT21,,MARQUEE,|MT|,Small Cage,,1,1,,0,
725,,MT21,,MARQUEE,|MT|,Golden Ball,,1,1,,0,
726,,MT21,,MARQUEE,|MT|,Golden Key (Real Woman 2),,1,1,,0,
727,,MT21,,MARQUEE,|MT|,Golden Key (Real Man 2),,1,1,,0,
728,,MT21,,MARQUEE,|MT|,Large Marble,,1,1,,0,
729,,MT21,,MARQUEE,|MT|,Stainless Steel Rings With Black Tie Wire,,2,2,,0,
730,,MT21,,MARQUEE,|MT|,White Wooden Heart in box,,1,1,,0,
731,,MT21,,MARQUEE,|MT|,Laminated Signs,,0,0,,0,
732,,MT21,,MARQUEE,|MT|,Wooden Unaffected Mask,,1,1,,0,
733,,MT22,,MARQUEE,|MT|,Babecue Gas Lighter,,1,1,,0,
734,,MT22,,MARQUEE,|MT|,BBQ Firelighter,,1,1,,0,
735,,MT22,,MARQUEE,|MT|,Box of 12 Tealight Candles,,1,1,,0,
736,,MT22,,MARQUEE,|MT|,Box with Brass Wind Chimes / Bells,,1,1,,0,
737,,MT22,,MARQUEE,|MT|,Brass Singing Bowl Incl Siilicone rub,,1,1,,0,
738,,MT22,,MARQUEE,|MT|,Maracca,,1,1,,0,
739,,MT22,,MARQUEE,|MT|,Music Instrument Striker,,1,1,,0,
740,,MT22,,MARQUEE,|MT|,Pheasant Wing (Feathers),,1,1,,0,
741,,MT22,,MARQUEE,|MT|,"Polystyrene Box (Incense, etc.)",,1,1,,0,
742,,MT22,,MARQUEE,|MT|,Refill Bottle of Rosewater,,1,1,,0,
743,,MT22,,MARQUEE,|MT|,Semi-transparent Green/Blue/Black/Brown Nylon Scarf,,1,1,,0,
744,,MT22,,MARQUEE,|MT|,Singing Bowl Wooden Striker,,1,1,,0,
745,,MT22,,MARQUEE,|MT|,Skin Rattle (with Feather decorations),,1,1,,0,
746,,MT22,,MARQUEE,|MT|,Small Bracelet of Beads (red),,1,1,,0,
747,,MT22,,MARQUEE,|MT|,Small Brass (Fish decoration) Incense Bowl,,1,1,,0,
748,,MT22,,MARQUEE,|MT|,Small Rosewater Spray Bottle,,1,1,,0,
749,,MT22,,MARQUEE,|MT|,Vibratone Tube (Black),,1,1,,0,
750,,MT22,,MARQUEE,|MT|,Xylophone (Chime Bar) (x1 Note),,1,1,,0,
751,,MT22,,MARQUEE,|MT|,Xylophone (Chime Bar) (x8 Notes),,1,1,,0,
752,,MT23,,MARQUEE,|MT|,Facilitation Large Black Curtain,,1,1,,0,
753,,MT24,,MARQUEE,|MT|,Green Rechargeable Lanterns,,6,6,,0,
754,,MT27,,MARQUEE,|MT|,Tea Light Candles 10 hr,,140,140,,0,
755,,PLASTIC DRAWERS,,MARQUEE,|MT|,Dripless Candles,Boxes of 20,43,0,,43,
756,,LH SHELVES,,Luggage Hut,|LH|,Aeroguard Personal insect spray repellant,,6,6,,0,
757,,LH SHELVES,,Luggage Hut,|LH|,Baby Wipes 80 sheets (Aldi) Box 4pks,,4,6,,-2,
758,,LH SHELVES,,Luggage Hut,|LH|,BBQ Lighters Bic Brand,,12,1,,11,
759,,LH SHELVES,,Luggage Hut,|LH|,Bin Liner Council Wheelie 240 Ltr (Pkts of 10),,1,1,,0,
760,,LH SHELVES,,Luggage Hut,|LH|,Bin liners Rolls Small 27ltr,,4,1,,3,
761,,LH SHELVES,,Luggage Hut,|LH|,Bin Liners White 35 Ltr (Rolls of 60),,4,3,,1,
762,,LH SHELVES,,Luggage Hut,|LH|,Bin Liners Black 56 Ltr (Rolls of 20),,2,1,,1,
763,,LH SHELVES,,Luggage Hut,|LH|,Bin Liners Mini Wheelie 140 Ltr (Pkts of 10),,12,12,,0,
764,,LH SHELVES,,Luggage Hut,|LH|,Bin Liners Sanitary 12 Ltr 46cm x 50cm (Roll of 40),,6,6,,0,
765,,LH SHELVES,,Luggage Hut,|LH|,Grey Rubbish Bins,for Marquee inside Space,6,3,,3,
766,,LH SHELVES,,Luggage Hut,|LH|,Bins Sanitary (Women Only) 5 Litr Flip Top Lids,,3,3,,0,
767,,LH SHELVES,,Luggage Hut,|LH|,Bleach (Domestos Type),,1,0,,1,
768,,LH SHELVES,,Luggage Hut,|LH|,Bug Bombs Mortien,,6,9,,-3,
769,,LH SHELVES,,Luggage Hut,|LH|,Bug Off 150g tins,,2,2,,0,
770,,LH SHELVES,,Luggage Hut,|LH|,Bug Spray Large Tin,,1,0,,1,
771,,LH SHELVES,,Luggage Hut,|LH|,Chux Original Superwipes Rolls (60 pack) 50 x 22 cm,,0,0,,0,
772,,LH SHELVES,,Luggage Hut,|LH|,Chux Roll,,4,1,,3,
773,,LH SHELVES,,Luggage Hut,|LH|,Dishmatic Pot Scrubber Handles,,2,1,,1,
774,,LH SHELVES,,Luggage Hut,|LH|,Dishmatic Pot Srubber replacement sponges 6pk,,3,0,,3,
775,,LH SHELVES,,Luggage Hut,|LH|,Disinfectant Strike Surface Spray 300g,,2,0,,2,
776,,LH SHELVES,,Luggage Hut,|LH|,Disinfectant 2lt,,2,2,,0,
777,,LH SHELVES,,Luggage Hut,|LH|,Disinfectant Pino Clean 1.25lts,,3,3,,0,
778,,LH SHELVES,,Luggage Hut,|LH|,Drain Clean Liquid Enzyme 1ltr,,1,1,,0,
779,,LH SHELVES,,Luggage Hut,|LH|,Eucaluptus Oil Water Soluble 500ml,,2,1,,1,
780,,LH SHELVES,,Luggage Hut,|LH|,Eucalyptus Oil 200ml,,1,1,,0,
781,,LH SHELVES,,Luggage Hut,|LH|,Febreze 370ml,,6,6,,0,
782,,LH SHELVES,,Luggage Hut,|LH|,Flipchart Marker Black,,4,4,,0,
783,,LH SHELVES,,Luggage Hut,|LH|,Flipchart Marker Blue,,4,4,,0,
784,,LH SHELVES,,Luggage Hut,|LH|,Flipchart Marker Green,,4,6,,-2,
785,,LH SHELVES,,Luggage Hut,|LH|,Flipchart Marker Red,,4,6,,-2,
786,,LH SHELVES,,Luggage Hut,|LH|,Gaffa Tape Black,,6,3,,3,
787,,LH SHELVES,,Luggage Hut,|LH|,Gladwrap,,1,1,,0,
788,,LH SHELVES,,Luggage Hut,|LH|,Gloves Food handling 100box,,2,1,,1,
789,,LH SHELVES,,Luggage Hut,|LH|,Gloves Latex Black Lge Box of 100's Lge,,4,1,,3,
790,,LH SHELVES,,Luggage Hut,|LH|,Grey Space Rubbish Bins,,2,2,,0,
791,,LH SHELVES,,Luggage Hut,|LH|,Hand Sanitzer Dispenser,,5,4,,1,
792,,LH SHELVES,,Luggage Hut,|LH|,Hand wash Pumps Foaming,,4,4,,0,
793,,LH SHELVES,,Luggage Hut,|LH|,Hand wash Pumps Foaming Refill 500ml,,4,2,,2,
794,,LH SHELVES,,Luggage Hut,|LH|,Hippo Moisture Absorber,,8,7,,1,
795,,LH SHELVES,,Luggage Hut,|LH|,Jif Cream Cleanser,,2,1,,1,
796,,LH SHELVES,,Luggage Hut,|LH|,Macadamia Oil 500ml,,2,0,,2,
797,,LH SHELVES,,Luggage Hut,|LH|,Morning Fresh 900ml,,6,1,,5,
798,,LH SHELVES,,Luggage Hut,|LH|,Mozzie Coils 30 Pack Tins,,10,10,,0,
799,,LH SHELVES,,Luggage Hut,|LH|,Orange Power Spray,,1,1,,0,
800,,LH SHELVES,,Luggage Hut,|LH|,Paper Cups -10pk,Re-arrange Process Real 1,1,1,,0,
801,,LH SHELVES,,Luggage Hut,|LH|,Paper Hand Towels 23 x 23.5 cm Eclipse (Box 0f 16),,2,2,,1,
802,,LH SHELVES,,Luggage Hut,|LH|,Paper Hand Towels SMALL Lena get size. 23 x 23.5 cm Eclipse (Box 0f 16),,2,0,,2,
803,,LH SHELVES,,Luggage Hut,|LH|,Paper Towels 2pk,,2,1,,1,
804,,LH SHELVES,,Luggage Hut,|LH|,Participant Personal care Packs,,2,2,,0,
805,,LH SHELVES,,Luggage Hut,|LH|,Personal - Body Wash 1lts,,1,1,,0,
806,,LH SHELVES,,Luggage Hut,|LH|,Personal- Hair Conditioner Emergency spares,,1,1,,0,
807,,LH SHELVES,,Luggage Hut,|LH|,Personal- Hair Shampoo Emergency spares,,1,1,,0,
808,,LH SHELVES,,Luggage Hut,|LH|,Pillows Incl Black Pillow Cases Fitted,,60,60,,0,
809,,LH SHELVES,,Luggage Hut,|LH|,Sage Sticks Lge,,4,0,,4,
810,,LH SHELVES,,Luggage Hut,|LH|,Sage Sticks Medium,,4,0,,4,
811,,LH SHELVES,,Luggage Hut,|LH|,Samba Fire Lighters 32 pk,,10,1,,9,
812,,LH SHELVES,,Luggage Hut,|LH|,Saw Dust Bags,,4,2,,2,
813,,LH SHELVES,,Luggage Hut,|LH|,Stainless Steel / Silver Ritual Bowls Sml,,7,7,,0,
814,,LH SHELVES,,Luggage Hut,|LH|,Sponge Jumbo Thick 3pk Yellow,,3,1,,2,
815,,LH SHELVES,,Luggage Hut,|LH|,Sponge Scourers (Pack of 3) Combination Heavy Duty,,2,0,,2,
816,,LH SHELVES,,Luggage Hut,|LH|,Sponge Scourers (Pack of 6) Combination,,3,1,,2,
817,,LH SHELVES,,Luggage Hut,|LH|,Sponge Scourer METAL HEAVY DUTY 2 Pack,,1,0,,1,
818,,LH SHELVES,,Luggage Hut,|LH|,Sponge Scourers (Pack of 6) Scotch blue,,2,1,,1,
819,,LH SHELVES,,Luggage Hut,|LH|,Spray Bottle Empty,,10,10,,0,
820,,LH SHELVES,,Luggage Hut,|LH|,Tissues Eclipse Brand 100's (Carton of 48),,2,1,,1,
821,,LH SHELVES,,Luggage Hut,|LH|,Toilet Paper Rolls (Pack 24 Quilton 3 Ply),,4,1,,3,
822,,LH SHELVES,,Luggage Hut,|LH|,Tooth brushes,,6,15,,-9,
823,,LH SHELVES,,Luggage Hut,|LH|,Aquarius Brand Hand Towel Dispenser,,0,0,,0,
824,,LH SHELVES,,Luggage Hut,|LH|,Carpet Roll 10 Mtr Long x 3.6 Mtr Wide,,3,3,,0,
825,,LH SHELVES,,Luggage Hut,|LH|,Esky 25 Ltr 5 Day Cooler,,1,1,,0,
826,,LH SHELVES,,Luggage Hut,|LH|,Gas Radiator Heaters 1500mm High Round Stumpy,,2,2,,0,
827,,LH SHELVES,,Luggage Hut,|LH|,Gas Radiator Heaters 1500mm High Square,,1,1,,0,
828,,LH SHELVES,,Luggage Hut,|LH|,Gas Radiator Heaters 2 Mtr High Round,,7,7,,0,
829,,LH SHELVES,,Luggage Hut,|LH|,Gauntlet Carpet,,1,1,,0,
830,,LH SHELVES,,Luggage Hut,|LH|,Party Carpet small,,1,1,,0,
831,,LH SHELVES,,Luggage Hut,|LH|,Pedestal Fans Black With Remote,Often kept on Music Desk,4,4,,0,
832,,LH SHELVES,,Luggage Hut,|LH|,Pool Noodles 1500mm,,3,3,,0,
833,,LH SHELVES,,Luggage Hut,|LH|,Swimming Pools,,2,2,,0,
834,,LH SHELVES,,Luggage Hut,|LH|,Tables Moulded 1800mm,,3,3,,0,
835,,LH SHELVES,,Luggage Hut,|LH|,Tables Moulded 2400 folding,,6,4,,2,
836,,LH SHELVES,,Luggage Hut,|LH|,Tables Moulded Small folding,,1,1,,0,
837,,LH SHELVES,,Luggage Hut,|LH|,Tunnel Of Turbulence (Combined 3 in One),,1,1,,0,
838,,LH SHELVES,,Luggage Hut,|LH|,White Plastic Chairs Stackable,,16,16,,0,